,equities_list
0,SRDX
1,MHNC
2,RGA
3,VYGR
4,CPAH
5,RMR
6,UE
7,ASND
8,RCS
9,NIM
10,STG
11,CRVL
12,NGD
13,AQB
14,AGNCN
15,VNE
16,LACQU
17,EIDX
18,JSM
19,TER
20,CKH
21,VRSN
22,MEC
23,BTE
24,SAIL
25,NFG
26,ELC
27,KTOS
28,SAGE
29,NUE
30,PRO
31,BIS
32,CMT
33,GLQ
34,BEAT
35,HRB
36,JBLU
37,SRTS
38,GRX
39,CORR
40,CLPR
41,MWA
42,IVR
43,DLHC
44,ENIC
45,VSAT
46,AMH
47,PSC
48,TPVG
49,GF
50,PAI
51,VYMI
52,OIBR.C
53,WSR
54,PFGC
55,FFHL
56,PCRX
57,GDS
58,BBD
59,PMO
60,VITL
61,WIFI
62,GRMN
63,RVLV
64,ETJ
65,CTSH
66,PPR
67,MMC
68,AEGN
69,GXGXU
70,LBRT
71,FPXI
72,DHCNL
73,PHI
74,STPK.U
75,SYX
76,TRVN
77,FARM
78,KEP
79,WINT
80,ALACW
81,DLNG
82,CHI
83,ARLP
84,BAM
85,FLIR
86,PLRX
87,NZF
88,CALX
89,NM
90,IPOC
91,SPG
92,SCA
93,KYN
94,BIO
95,LKQ
96,UMH
97,BAK
98,HWKN
99,ELS
100,SYNC
101,SEED
102,HHT
103,EAB
104,MFGP
105,BANC
106,GDDY
107,FV
108,NWG
109,BCS
110,GRCY
111,AEF
112,WWR
113,EVRG
114,TDA
115,BSM
116,CII
117,WOW
118,ISR
119,COFS
120,BSTC
121,MESA
122,WORK
123,NJV
124,CLUB
125,BDL
126,BEDU
127,BY
128,IBTK
129,MITT
130,PAC
131,ALEX
132,DSM
133,EZPW
134,PEGA
135,FEX
136,TRHC
137,NWS
138,UTI
139,MXL
140,DSX
141,CNET
142,MTOR
143,MTN
144,PDD
145,CRWS
146,MSA
147,HPKEW
148,PERI
149,TYHT
150,THCB
151,CCZ
152,OBCI
153,ORBC
154,CELC
155,NSL
156,WUBA
157,MEIP
158,SIFY
159,CHWY
160,GNLN
161,GKOS
162,HMST
163,CHCI
164,DWMC
165,CADE
166,TBK
167,CRESY
168,AFIN
169,AGI
170,SHG
171,LH
172,CSWCL
173,UNIT
174,MCR
175,FSDC
176,OFSSL
177,CVEO
178,LMNL
179,PAG
180,URI
181,VMW
182,PGRE
183,AWP
184,MYC
185,FIX
186,IXUS
187,HUBG
188,CRT
189,MUFG
190,ROBO
191,RDIB
192,JCOM
193,ESLT
194,TEAF
195,RYN
196,BKTI
197,RFL
198,MZA
199,RICK
200,WHF
201,GHY
202,MYL
203,BOCH
204,DRD
205,LEN
206,BANX
207,GFY
208,INTG
209,EXPCU
210,BSJQ
211,ASH
212,SCVX
213,NMM
214,SAR
215,EVFM
216,ITW
217,INSI
218,ATEST.A
219,STRT
220,ANET
221,FCO
222,UGP
223,NDP
224,SGLBW
225,EIX
226,AWX
227,MFAC.U
228,INS
229,ADSK
230,SBOW
231,MLHR
232,SNDR
233,CMP
234,CHKP
235,PMF
236,VAR
237,AEO
238,CCIV.U
239,MLVF
240,WSFS
241,HFWA
242,IIIV
243,ENZ
244,JELD
245,DTQ
246,AIQ
247,NIQ
248,RMG
249,RLI
250,DOGZ
251,TLC
252,CEA
253,CASY
254,BCLI
255,MTC
256,LUNG
257,ANGO
258,FORM
259,TRT
260,NOVSU
261,MYOS
262,PSAC
263,EMKR
264,TATT
265,LYRA
266,QTEC
267,NXC
268,KYMR
269,FMTX
270,TELL
271,GBCI
272,PCK
273,NHTC
274,OPRX
275,BTI
276,LFAC
277,KOSS
278,MRUS
279,FCRW
280,OPINL
281,ITOS
282,LNTH
283,NTIC
284,BELFB
285,PSCC
286,AIF
287,ROCH
288,ETR
289,ACEVU
290,TJX
291,SAQN
292,EPSN
293,TWNK
294,RGT
295,WATT
296,EOG
297,INMB
298,BNFT
299,CP
300,RNDV
301,MOV
302,RMTI
303,PCN
304,MCN
305,FOX
306,JBHT
307,ALTM
308,CHPMW
309,EXPE
310,HSC
311,HTBX
312,FST.U
313,PKI
314,PODD
315,MCO
316,JBK
317,GNE
318,ADSW
319,ANIP
320,SWBI
321,GAINL
322,SAMA
323,VVR
324,FWONK
325,XRX
326,NTCO
327,MODN
328,WHG
329,AKO.A
330,JG
331,QUAD
332,RCII
333,PSACU
334,CCXX.U
335,CCX
336,GECCN
337,EL
338,UGI
339,FELE
340,KMT
341,DGX
342,GRPN
343,PGR
344,OXSQ
345,ALLT
346,PINE
347,FBRX
348,UVSP
349,AINC
350,HOPE
351,HCAT
352,AUTL
353,ETO
354,ZI
355,VEC
356,CBRE
357,BVN
358,SSB
359,TTEK
360,DMS.WS
361,HEBT
362,DLB
363,SNOA
364,PMBC
365,JHY
366,CCC
367,KMDA
368,PBHC
369,JFKKW
370,SECO
371,AMRK
372,SHO
373,VETS
374,CSGS
375,COF
376,MRO
377,FMAX
378,INCY
379,CIR
380,SBGI
381,DGICA
382,VCIF
383,CCXI
384,WHLM
385,JAGX
386,AVB
387,CTEST.S
388,TRIP
389,BGCP
390,TEF
391,VIRC
392,GEOS
393,HEI
394,OFC
395,SPGI
396,VIACA
397,ITI
398,CMCM
399,COKE
400,ALPN
401,AEB
402,MORF
403,CPRX
404,DVD
405,HRTX
406,IRBT
407,BSCK
408,UEPS
409,ARMP
410,ANDE
411,KMPR
412,FMK
413,ELA
414,GILT
415,MTBCP
416,LMB
417,APEN
418,PLC
419,PLNT
420,VFC
421,BMA
422,MBOT
423,TUFN
424,STMP
425,CETXW
426,TD
427,SMBK
428,FISI
429,HFEN
430,ROCHU
431,ALUS.U
432,VER
433,PDT
434,BFC
435,WSBF
436,SWI
437,SREA
438,JT
439,PKOH
440,ORSNU
441,GHIVW
442,GHM
443,MACK
444,EMAN
445,HLIO
446,PRLB
447,ACC
448,PCYG
449,FTLB
450,DVOL
451,FOF
452,MUS
453,NSSC
454,ADILW
455,FTHY
456,VMAC
457,NXTG
458,TOL
459,RPLA.WS
460,ALGT
461,IBIO
462,HTGC
463,AMSC
464,SVVC
465,HEPA
466,MCMJW
467,SSBI
468,EGY
469,BECN
470,PSCH
471,LEA
472,BIDU
473,CPSS
474,UTSI
475,PRGO
476,PLSE
477,FVC
478,GLOP
479,STRO
480,PAGP
481,CCCL
482,RXN
483,FTAI
484,PENN
485,IDXX
486,DMYT.U
487,VTNR
488,QTRX
489,RMD
490,HERD
491,GBL
492,NAKD
493,MKC.V
494,CCX.U
495,CVM
496,BRMK.WS
497,JBGS
498,PFSI
499,HCSG
500,UCBIO
501,TGA
502,ASTE
503,CHX
504,BHC
505,SNN
506,BSJO
507,QTWO
508,WINC
509,TMQ
510,CPSI
511,GB
512,ADAP
513,CSML
514,HYACW
515,ENBA
516,GNK
517,ENTG
518,ECOW
519,AY
520,MCF
521,IGMS
522,AKUS
523,KO
524,FTAG
525,EXTR
526,GXGX
527,DSWL
528,CMS
529,GDL
530,MIXT
531,INFU
532,OSN
533,TWOU
534,TGS
535,RGEN
536,BRG
537,PHO
538,STX
539,QADB
540,HXL
541,HYZD
542,CLPS
543,SM
544,NBB
545,WETF
546,CSSEP
547,IFV
548,AFGC
549,AB
550,NEX
551,PRSC
552,VNO
553,AC
554,NICE
555,FSLY
556,ACN
557,TPX
558,RNR
559,CHFS
560,MIST
561,CRK
562,AYI
563,MDLZ
564,GRBK
565,BLKB
566,JE
567,CNMD
568,CEM
569,ROKU
570,ARCO
571,ACH
572,DDD
573,ESPO
574,NRIX
575,DCOM
576,OEC
577,AMAG
578,CNHI
579,OTEL
580,ATSG
581,AWK
582,CHDN
583,MREO
584,YEXT
585,WHLR
586,RNDB
587,BTO
588,ANGI
589,AUDC
590,WNS
591,HEP
592,JJSF
593,XENE
594,SVBI
595,LGF.A
596,MOSY
597,FDUS
598,YPF
599,OTG
600,CACG
601,IEX
602,RMAX
603,CERS
604,BG
605,LEVI
606,ESTA
607,THCA
608,RGP
609,EVOP
610,ECHO
611,MDGSW
612,ASPS
613,RILY
614,PWOD
615,CBMG
616,AIG.WS
617,GPRO
618,GARS
619,OTLK
620,ALYA
621,DX
622,ASB
623,GPM
624,BSAE
625,EXPC
626,BPYPO
627,GNRC
628,KLR.WS
629,FUSE
630,SCVL
631,GROW
632,GBLIL
633,STND
634,ALEC
635,MCACR
636,THGA
637,GSAT
638,MXIM
639,LCUT
640,LSBK
641,SIVBP
642,SDVY
643,DAKT
644,ATHM
645,UNVR
646,QURE
647,PFI
648,FMCI
649,MVF
650,NESRW
651,NHA
652,THCBW
653,CTEST
654,CDOR
655,OXLCM
656,ECOL
657,ZIXI
658,JPT
659,MMP
660,FT
661,AMOT
662,UAL
663,PML
664,HTY
665,RWT
666,LBTYK
667,PHAT
668,PGZ
669,HOFVW
670,LEDS
671,FENC
672,SLCA
673,GSX
674,OSW
675,GABC
676,FORD
677,ALIM
678,EXP
679,CIG
680,ITRI
681,BCV
682,ARTW
683,SUNS
684,HYI
685,HUD
686,SRRK
687,NQP
688,NYMTO
689,POWL
690,BHVN
691,DORM
692,EFOI
693,SPLK
694,HTGM
695,KRG
696,YETI
697,RVI
698,VMBS
699,CCOI
700,ADP
701,NVEC
702,BSJM
703,RYB
704,TEN
705,GFLU
706,FBIZ
707,JHX
708,CIT
709,EAD
710,MEN
711,EXPCW
712,VEDL
713,CC
714,TNDM
715,CVLG
716,TCFC
717,TCBI
718,DLR
719,SBPH
720,PEBO
721,FUTU
722,LOACR
723,APWC
724,HHR
725,APT
726,NMY
727,ORLY
728,INDB
729,NS
730,FMN
731,PBIO
732,IOVA
733,AFGB
734,NOAH
735,GTY
736,SNBP
737,SIEN
738,NLTX
739,NCB
740,KTH
741,SHI
742,CULP
743,GCV
744,RELX
745,QVCC
746,VIDI
747,PCPL
748,TRVG
749,PDEV
750,SVM
751,GASS
752,LORL
753,LSI
754,KELYA
755,OZK
756,BSVN
757,QSR
758,EMP
759,CRSAU
760,PTR
761,KC
762,ACIW
763,TMP
764,PRAA
765,FMBH
766,GNOM
767,ACGLP
768,FRO
769,AVYA
770,CMFNL
771,BKYI
772,MHD
773,AAOI
774,ALE
775,AMTBB
776,RRD
777,AMRH
778,GMS
779,MUI
780,RYAM
781,CIVB
782,AXGN
783,ORAN
784,IEC
785,EQBK
786,WIX
787,DWUS
788,BMCH
789,AXGT
790,APLS
791,UL
792,CRSP
793,BCH
794,ESXB
795,AIKI
796,TEUM
797,TZOO
798,SAQNW
799,EIC
800,GAB
801,USAC
802,TPIC
803,DAIO
804,AMRC
805,JCO
806,BMRN
807,RARE
808,PROS
809,CIB
810,TACT
811,KINS
812,BRPA
813,FLUX
814,MOMO
815,MATX
816,LMAT
817,WYND
818,RDFN
819,DMYT.WS
820,LFACW
821,ONEM
822,AMRX
823,GIGE
824,UAVS
825,YGYIP
826,CMPR
827,QCLN
828,CLR
829,TCCO
830,SALT
831,FYX
832,LANC
833,HQY
834,ARCT
835,STL
836,CCAC.U
837,IBN
838,HDB
839,ASET
840,NSS
841,NAV
842,ACND.U
843,KRNT
844,ULH
845,ROP
846,NOA
847,MAYS
848,ATOM
849,BIP
850,PDSB
851,AAP
852,SCCB
853,TENB
854,SFTW.WS
855,TCDA
856,IBB
857,FPXE
858,SIX
859,LOAK
860,PSCU
861,FLDM
862,RGCO
863,MHK
864,VECO
865,KL
866,NRK
867,CHSCP
868,CDL
869,OMF
870,HBP
871,BSMN
872,SHEN
873,ILPT
874,PFN
875,BCTX
876,FUV
877,PUI
878,ESCA
879,GLP
880,MPC
881,ROBT
882,MBRX
883,NOW
884,SKYS
885,WTRU
886,KNSA
887,HFFG
888,SXT
889,HUYA
890,SHSP
891,AVD
892,CRY
893,DDS
894,ALSN
895,QMCO
896,APTO
897,AIRG
898,PSTX
899,M
900,STZ.B
901,NMZ
902,VCSH
903,HUSA
904,APPF
905,SRPT
906,CCU
907,MRCC
908,ACY
909,RING
910,HZNP
911,WDAY
912,FIVE
913,PW
914,CDC
915,UUU
916,BCOV
917,CSQ
918,HEQ
919,CTEST.V
920,ABT
921,DWLD
922,ECOM
923,MGYR
924,OAC.WS
925,SJI
926,CEN
927,MAG
928,GRVY
929,HYB
930,BPOP
931,PER
932,PNM
933,MLM
934,LAKE
935,JHG
936,FDBC
937,ADMS
938,OPES
939,TCFCP
940,APEX
941,ADM
942,LYTS
943,TK
944,WTRH
945,NTRSO
946,IPOB
947,SRVA
948,MBII
949,POAI
950,CDLX
951,DTW
952,MUH
953,LVHD
954,SCPE.U
955,ZEAL
956,XBIOW
957,GDYNW
958,FDEU
959,PNBK
960,FLEX
961,TWNKW
962,IX
963,ENTA
964,STSA
965,SCSC
966,ESNT
967,CNS
968,HQH
969,IRM
970,PEIX
971,WPC
972,RE
973,TMDX
974,SHV
975,COLD
976,GPN
977,VTWV
978,CRD.A
979,HALO
980,USIG
981,CVI
982,BCO
983,VONG
984,AWRE
985,JRO
986,TAPM
987,RGR
988,INT
989,HI
990,ROAD
991,FCEL
992,KRC
993,CWEN
994,WB
995,ELF
996,HCM
997,NDRA
998,QK
999,DMF
1000,PACB
1001,ISD
1002,ARTL
1003,HCCHW
1004,XBIO
1005,HUSN
1006,RDUS
1007,VLYPO
1008,BGH
1009,PCB
1010,TURN
1011,TDS
1012,LXU
1013,PRN
1014,BNS
1015,ACST
1016,VTVT
1017,CTVA
1018,FOXF
1019,MOGU
1020,NCV
1021,UHS
1022,VZ
1023,GRIL
1024,MX
1025,DBD
1026,KTOVW
1027,SXTC
1028,MDIA
1029,CBAT
1030,ALUS.WS
1031,CDXS
1032,AWI
1033,DTP
1034,FDIV
1035,DWCR
1036,KMI
1037,ESG
1038,UNB
1039,TAYD
1040,LCA
1041,PCVX
1042,MSGS
1043,FMC
1044,LPCN
1045,ACV
1046,HOFV
1047,ANTE
1048,WAL
1049,SGMS
1050,FTCS
1051,FFBW
1052,MMLP
1053,LATN
1054,CMA
1055,TZACU
1056,GLADD
1057,SAVA
1058,ONTXW
1059,WVFC
1060,TRXC
1061,MBWM
1062,THWWW
1063,RILYZ
1064,OPRA
1065,SGA
1066,BBU
1067,ICCH
1068,TRIB
1069,TANNZ
1070,MYE
1071,KNX
1072,AGRO
1073,ASML
1074,NDAQ
1075,GCI
1076,SFET
1077,OHI
1078,JW.B
1079,GOSS
1080,DFNS
1081,CIM
1082,SLGN
1083,PPIH
1084,AROC
1085,GHSI
1086,DWFI
1087,BYM
1088,HIX
1089,SCZ
1090,ROLL
1091,EXPI
1092,AGO
1093,AMPY
1094,FUND
1095,FTXO
1096,RMBS
1097,CLM
1098,NUVA
1099,PKO
1100,RHI
1101,UTG
1102,MANU
1103,EEFT
1104,WEYS
1105,JDD
1106,KCAC.U
1107,BEST
1108,BKH
1109,BKR
1110,LEN.B
1111,YRD
1112,AXR
1113,CFA
1114,GER
1115,ITACU
1116,EDIT
1117,TGB
1118,VG
1119,MFINL
1120,KFFB
1121,AAT
1122,NTEC
1123,LIFE
1124,STM
1125,MBT
1126,HMTV
1127,CSL
1128,MTG
1129,FRBA
1130,FFBC
1131,VOD
1132,IPB
1133,GLOG
1134,PHAS
1135,OPK
1136,HTA
1137,LSTR
1138,SO
1139,ANY
1140,ZVO
1141,VSDA
1142,ASC
1143,SEAS
1144,PSHG
1145,GIGM
1146,MYO
1147,CNP
1148,OFSSI
1149,NYMTN
1150,BCYC
1151,SOLOW
1152,ALTG.WS
1153,ISHG
1154,EDRY
1155,SCPL
1156,CRH
1157,DCUE
1158,SRT
1159,FFG
1160,WD
1161,JOUT
1162,ICHR
1163,OXFD
1164,HLX
1165,LSXMB
1166,GFI
1167,IGT
1168,ACRX
1169,RBCN
1170,OLED
1171,YI
1172,CENTA
1173,PSTL
1174,OLD
1175,CIICW
1176,FRTA
1177,VERO
1178,ISBC
1179,TWN
1180,TTI
1181,CELH
1182,ATOS
1183,TRWH
1184,RS
1185,SOLN
1186,GB.WS
1187,BDXB
1188,CVX
1189,FJP
1190,JTD
1191,APLT
1192,MDIV
1193,HTD
1194,FNV
1195,MCY
1196,NNI
1197,BRPAU
1198,BH
1199,CEL
1200,CWBR
1201,ECCX
1202,TSCBP
1203,ANF
1204,CBL
1205,SENEA
1206,GL
1207,BBF
1208,SSP
1209,STN
1210,PE
1211,NCLH
1212,SENEB
1213,AMHCU
1214,CMCTP
1215,HIL
1216,ZGYHR
1217,ULTA
1218,EVR
1219,ATHX
1220,JRI
1221,DRE
1222,WIW
1223,GLO
1224,MTRX
1225,XYF
1226,OSB
1227,SZC
1228,COST
1229,SRET
1230,AIA
1231,CPAA
1232,SNES
1233,ONVO
1234,ATLO
1235,CZWI
1236,RYTM
1237,CAPR
1238,SBSW
1239,HURN
1240,SJIJ
1241,CWK
1242,JKS
1243,VALE
1244,QLGN
1245,PEY
1246,JFU
1247,SBFG
1248,MOFG
1249,TTEC
1250,KCAC.WS
1251,MRSN
1252,ACAMU
1253,FAB
1254,HBAN
1255,ZEN
1256,NX
1257,PDM
1258,WST
1259,ENLC
1260,CLRG
1261,NTG
1262,BSD
1263,MCAC
1264,EHI
1265,FSTR
1266,GTLS
1267,ALG
1268,AU
1269,MDU
1270,ACAMW
1271,FEP
1272,FLN
1273,SWT
1274,CEQP
1275,ANSS
1276,CAF
1277,MG
1278,HBB
1279,MYGN
1280,RBAC.U
1281,COUP
1282,ARCE
1283,AMP
1284,VRTX
1285,SNLN
1286,AMZN
1287,KBNT
1288,STON
1289,ESGG
1290,HPX.U
1291,CMSA
1292,ETW
1293,WKHS
1294,CCAC.WS
1295,DXF
1296,OYST
1297,RPAI
1298,IRT
1299,LFUS
1300,BOMN
1301,FPRX
1302,ACWX
1303,SRACW
1304,VTHR
1305,ETNB
1306,GVA
1307,VTEC
1308,LPRO
1309,CSTE
1310,ON
1311,JCS
1312,PRU
1313,DDF
1314,NMR
1315,GENY
1316,SG
1317,CRM
1318,PBF
1319,XAN
1320,MICT
1321,CDK
1322,MDLA
1323,CPRI
1324,NYT
1325,SPRT
1326,TVC
1327,CAAP
1328,KFRC
1329,ASGN
1330,ECCY
1331,CINR
1332,SACC
1333,THCAW
1334,GH
1335,FIVN
1336,VRIG
1337,ATNM
1338,LDOS
1339,BOH
1340,NUO
1341,ANDAR
1342,TNET
1343,MCHI
1344,SYKE
1345,BHAT
1346,SPT
1347,HLF
1348,NRIM
1349,FVAC
1350,NNVC
1351,IMUX
1352,LGC.U
1353,ACBI
1354,ZTO
1355,IMAB
1356,NERV
1357,UZB
1358,SEDG
1359,MYF
1360,HIO
1361,NXPI
1362,FEM
1363,XNET
1364,CNXN
1365,NTES
1366,LONE
1367,TMUS
1368,DTY
1369,LI
1370,CIEN
1371,LYG
1372,SMP
1373,STAY
1374,CAPL
1375,EVSTC
1376,AKER
1377,CJJD
1378,AUB
1379,HBMD
1380,ATEX
1381,REAL
1382,CLIR
1383,GGAL
1384,NH
1385,HNW
1386,ONE
1387,EV
1388,WIT
1389,CMCSA
1390,CHTR
1391,OUT
1392,GDOT
1393,LOCO
1394,ESSCR
1395,HBANO
1396,GOAC.U
1397,LOOP
1398,WBS
1399,CELG~
1400,PBFS
1401,TESS
1402,INTU
1403,HEES
1404,GHIV
1405,ARA
1406,FLNT
1407,MSGE
1408,IMXI
1409,MGA
1410,PWFL
1411,GPX
1412,FTXR
1413,SAF
1414,TWO
1415,ANDAW
1416,LEGN
1417,CLI
1418,TCF
1419,GSM
1420,JFR
1421,BHV
1422,CAC
1423,BKNG
1424,GRNV
1425,ENOB
1426,CCBG
1427,APPN
1428,SKYW
1429,SUN
1430,DOYU
1431,WHR
1432,ROL
1433,BL
1434,PSEC
1435,BPYPP
1436,NP
1437,EDAP
1438,ATRC
1439,MLI
1440,JNJ
1441,AVK
1442,IROQ
1443,COHU
1444,OPHC
1445,CALT
1446,ADXS
1447,DMYD.U
1448,TREC
1449,RUSHB
1450,KLDO
1451,AHPI
1452,DRI
1453,MOGO
1454,SPPI
1455,ABIO
1456,BUG
1457,AIR
1458,VBND
1459,GIX
1460,NOM
1461,HUIZ
1462,PNW
1463,PSCI
1464,GLPG
1465,VNET
1466,EVLO
1467,HRC
1468,GSBD
1469,GOODN
1470,ICON
1471,LINC
1472,BWFG
1473,PTC
1474,UNM
1475,XELB
1476,BSCT
1477,IVZ
1478,BSCR
1479,QEP
1480,MFT
1481,EXLS
1482,INDY
1483,NVO
1484,CABA
1485,EGBN
1486,DEA
1487,SDGR
1488,VET
1489,ZNGA
1490,NTEST.B
1491,BXG
1492,SRLP
1493,PJT
1494,EVBG
1495,PQG
1496,NMFC
1497,LANDP
1498,BIG
1499,PFG
1500,DBL
1501,VRMEW
1502,ALLE
1503,AGZD
1504,SOI
1505,MLND
1506,YMAB
1507,BIVI
1508,ARDS
1509,MCHP
1510,WTM
1511,BIO.B
1512,STBA
1513,SABR
1514,LSXMK
1515,ESQ
1516,AAXJ
1517,IHIT
1518,PLIN
1519,LOPE
1520,WF
1521,FFIC
1522,PTEN
1523,HGV
1524,HWCPL
1525,PME
1526,MSC
1527,FCX
1528,OPP~$
1529,TH
1530,VLGEA
1531,ESGD
1532,GS
1533,FXNC
1534,IRIX
1535,FSS
1536,EGAN
1537,PY
1538,FORR
1539,ORGS
1540,FBIOP
1541,REV
1542,FKO
1543,VRNS
1544,BMEZ
1545,VFL
1546,SONM
1547,CGC
1548,HROW
1549,ALB
1550,GPL
1551,AUPH
1552,PVG
1553,FRAF
1554,E
1555,FMBIP
1556,NGHCN
1557,DGRW
1558,AGRX
1559,PK
1560,KOF
1561,PFMT
1562,OSS
1563,XIN
1564,EVA
1565,STRL
1566,UBP
1567,LYFT
1568,PETS
1569,WHD
1570,MGIC
1571,SU
1572,IPOC.U
1573,BLE
1574,MNSB
1575,CARE
1576,PBYI
1577,EBAY
1578,TECK
1579,MCD
1580,ING
1581,UNFI
1582,SCHW
1583,LMND
1584,ABR
1585,UFPI
1586,PLPC
1587,NPTN
1588,STAR
1589,GJS
1590,EXFO
1591,PAND
1592,FMNB
1593,SCPE
1594,KBSF
1595,TRX
1596,CTDD
1597,HLG
1598,AGBAU
1599,BATRA
1600,GWRS
1601,QUOT
1602,FCNCP
1603,JAX
1604,CSWI
1605,PMT
1606,CVCY
1607,RFIL
1608,IID
1609,WWW
1610,TAIT
1611,SCKT
1612,HOLI
1613,OXBR
1614,CSIQ
1615,AQUA
1616,FND
1617,KLIC
1618,FGM
1619,RVNC
1620,BB
1621,CASH
1622,HSII
1623,NGHCP
1624,CEMI
1625,CGEN
1626,ITMR
1627,CLSD
1628,BAND
1629,PNQI
1630,CWBC
1631,AHCO
1632,ATO
1633,PEP
1634,BGRN
1635,NK
1636,ODC
1637,KFS
1638,TSCO
1639,DDOG
1640,FLC
1641,MRCCL
1642,RDVY
1643,SRACU
1644,CNFRL
1645,HBCP
1646,SRGA
1647,ENV
1648,CNC
1649,INDO
1650,FLGT
1651,WTRG
1652,LGI
1653,CENX
1654,WTI
1655,CHEK
1656,DWSN
1657,YJ
1658,GLG
1659,ABG
1660,IDN
1661,DENN
1662,IGICW
1663,HONE
1664,SAL
1665,EVSIW
1666,ICLN
1667,ARCC
1668,PSCT
1669,BEAM
1670,CREX
1671,CABO
1672,KB
1673,GSL
1674,IDYA
1675,F
1676,VMACU
1677,SBRA
1678,APXT
1679,BWMX
1680,BRPAR
1681,DESP
1682,MDT
1683,RBNC
1684,PDCO
1685,DRQ
1686,RRBI
1687,CLOU
1688,INSW
1689,AVAL
1690,IBEX
1691,WTT
1692,REED
1693,PDLI
1694,XSPA
1695,LMBS
1696,RSG
1697,BLD
1698,INSM
1699,BPFH
1700,AERI
1701,TARA
1702,ANNX
1703,INVH
1704,KBWP
1705,CFFA
1706,PCYO
1707,NWBI
1708,RZA
1709,IFF
1710,OCCIP
1711,CONE
1712,BSMQ
1713,ARYB
1714,CEFA
1715,HGSH
1716,HCFT
1717,HHC
1718,LOMA
1719,PTI
1720,GENE
1721,TRTN
1722,JMIA
1723,CAJ
1724,KWEB
1725,TCON
1726,PPBI
1727,JAKK
1728,AA
1729,MGR
1730,IPOC.WS
1731,OFSSZ
1732,RFP
1733,PNNTG
1734,EA
1735,GLMD
1736,MHI
1737,JHS
1738,ICFI
1739,DMTK
1740,DFVS
1741,UPLD
1742,DRADP
1743,HWC
1744,EVN
1745,SPKE
1746,PZG
1747,IPV.WS
1748,ALLO
1749,PLM
1750,GRFS
1751,SHOP
1752,AEZS
1753,TFX
1754,CMSD
1755,SPCB
1756,EQ
1757,FTOCU
1758,QTT
1759,CTO
1760,PLD
1761,MBNKP
1762,GNMK
1763,CLDX
1764,ZNH
1765,AIRTW
1766,KNDI
1767,SWKS
1768,PAR
1769,TEDU
1770,SVC
1771,AUBN
1772,RILYP
1773,FEAC.WS
1774,INFO
1775,EDTK
1776,OVLY
1777,AGS
1778,GTS
1779,STNE
1780,NNOX
1781,VSMV
1782,MHN
1783,WRK
1784,FUSN
1785,FLOW
1786,PYT
1787,MARA
1788,PROG
1789,PING
1790,SBAC
1791,JW.A
1792,TTNP
1793,BLCT
1794,ERJ
1795,MNST
1796,CPTAG
1797,PLAG
1798,AJRD
1799,BKE
1800,IGI
1801,TDAC
1802,ALJJ
1803,FRSX
1804,IKNX
1805,SHLL.WS
1806,BRQS
1807,ARNA
1808,LARK
1809,ALTR
1810,DGRE
1811,GRNVW
1812,BXP
1813,IGC
1814,SOHOB
1815,RMBL
1816,APM
1817,TREB.U
1818,NPAWW
1819,GSAH
1820,MAS
1821,CCO
1822,CTRA
1823,NSEC
1824,QTS
1825,EEA
1826,SRV
1827,CBU
1828,CHRA
1829,RMBI
1830,NCBS
1831,PPD
1832,ENO
1833,HPQ
1834,RGS
1835,TRNS
1836,BIGC
1837,HIHO
1838,SIG
1839,ASIX
1840,ALVR
1841,FFNW
1842,EVOL
1843,RCUS
1844,GJH
1845,UUUU
1846,RCM
1847,ENZL
1848,ATCXW
1849,OESX
1850,ATEC
1851,DIAX
1852,GRTS
1853,NVFY
1854,JTA
1855,SMTC
1856,LEU
1857,KRKR
1858,EPAY
1859,VSTA
1860,BOXL
1861,UBX
1862,CTL
1863,CYRN
1864,AYLA
1865,BCOW
1866,MLAC
1867,FUSE.U
1868,CAE
1869,HOG
1870,NCTY
1871,EAT
1872,PBY
1873,FSEA
1874,FCPT
1875,MGY
1876,HSON
1877,MTA
1878,VTN
1879,AMN
1880,PVBC
1881,EPM
1882,HSTO
1883,MYOK
1884,ETTX
1885,CTLT
1886,FCFS
1887,DL
1888,SINA
1889,RCI
1890,CODX
1891,UPWK
1892,QAT
1893,SPFI
1894,ACTG
1895,NATR
1896,VOYA
1897,MORN
1898,OBAS
1899,NPAUU
1900,CWST
1901,THCAU
1902,MRTN
1903,TU
1904,SGRY
1905,RMCF
1906,PGTI
1907,PANL
1908,KIRK
1909,MINDP
1910,TFSL
1911,APDN
1912,CACC
1913,VFF
1914,AMCIW
1915,OPCH
1916,BBK
1917,HDS
1918,APLE
1919,CSTL
1920,CDZI
1921,CLFD
1922,XELA
1923,WINA
1924,INFY
1925,CROX
1926,ATNI
1927,WLL
1928,PFBI
1929,LPTX
1930,TDW.WS.A
1931,XFOR
1932,RUTH
1933,USAK
1934,QCRH
1935,NWFL
1936,TCS
1937,XERS
1938,IFRX
1939,BSJK
1940,UG
1941,JBSS
1942,CGROW
1943,CETX
1944,SNMP
1945,ONCS
1946,CCRC
1947,DMLP
1948,PCF
1949,NSCO
1950,RVSB
1951,DSPG
1952,SAVE
1953,ARGD
1954,EVRI
1955,INO
1956,HCCHU
1957,RUN
1958,RP
1959,INFN
1960,ESGRO
1961,MRVL
1962,KOR
1963,FWRD
1964,LXRX
1965,UTHR
1966,FSP
1967,BSCE
1968,RKDA
1969,ICMB
1970,FC
1971,BCML
1972,TCI
1973,LRMR
1974,NCA
1975,AHH
1976,GIK.U
1977,MYRG
1978,GE
1979,QRTEV
1980,MTEM
1981,GLEO.U
1982,IGF
1983,BRLIU
1984,WPX
1985,LMRKO
1986,PRDO
1987,FIBK
1988,AFMD
1989,SUSB
1990,BCAC
1991,FNCB
1992,CKPT
1993,BILI
1994,KRMD
1995,HYRE
1996,CUBE
1997,IDLB
1998,MPV
1999,MEET
2000,VCF
2001,KBWD
2002,BSCL
2003,BWG
2004,DAN
2005,SWM
2006,HSTM
2007,MA
2008,IVC
2009,CCL
2010,BOE
2011,PTSI
2012,MAXN
2013,IPI
2014,INUV
2015,CRTO
2016,HQI
2017,EBAYL
2018,ATEST.C
2019,HA
2020,CORE
2021,KSU
2022,SBH
2023,MRNS
2024,KRMA
2025,TDACU
2026,ANCN
2027,KALU
2028,VEEV
2029,SC
2030,ADRO
2031,MTP
2032,PSCM
2033,GO
2034,CTXS
2035,CBAY
2036,XXII
2037,GMHIU
2038,AWF
2039,WTFCP
2040,LTRN
2041,MS
2042,FGBI
2043,FRG
2044,GNRSW
2045,GXTG
2046,ADTN
2047,MGRC
2048,NTRA
2049,GSAH.WS
2050,DELL
2051,OSUR
2052,PCG
2053,NLSN
2054,UTF
2055,HGLB
2056,MLACW
2057,PACK
2058,PAEWW
2059,EYES
2060,EGOV
2061,ATKR
2062,DMS
2063,WSBC
2064,FWP
2065,OIIM
2066,NEON
2067,CVAC
2068,MAN
2069,VIVE
2070,FRPH
2071,EVK
2072,DB
2073,UMC
2074,EFF
2075,SPNE
2076,HMC
2077,OPGN
2078,XPER
2079,SVA
2080,LMFA
2081,USDP
2082,NTZ
2083,ORMP
2084,EBIZ
2085,CLLS
2086,ARPO
2087,HES
2088,AVTR
2089,RDY
2090,USX
2091,USIO
2092,HYAC
2093,DWEQ
2094,DNP
2095,CURO
2096,WW
2097,BPMP
2098,ACT
2099,LATNW
2100,VOXX
2101,MTL
2102,SNPS
2103,ETRN
2104,MDRR
2105,WK
2106,ELJ
2107,CBH
2108,HCACW
2109,PLYM
2110,DJCO
2111,PSX
2112,ELTK
2113,JCAP
2114,ELAT
2115,YTEN
2116,TWST
2117,BF.A
2118,INBK
2119,ICPT
2120,Z
2121,CMPI
2122,LOVE
2123,JIH.U
2124,ACEL
2125,KBLMW
2126,GPRE
2127,RST
2128,SAN
2129,KRP
2130,DUK
2131,DRAD
2132,PASG
2133,HALL
2134,MDLX
2135,BIB
2136,CLNC
2137,VGR
2138,BSAC
2139,VLYPP
2140,CVV
2141,BYFC
2142,KBWR
2143,HZAC.U
2144,AAME
2145,MBSD
2146,ESI
2147,SMIT
2148,PIHPP
2149,SFIX
2150,SLG
2151,SMG
2152,MKD
2153,PTCT
2154,FBNC
2155,NOVT
2156,DNOW
2157,BSMX
2158,SNUG
2159,AAWW
2160,NMTR
2161,JHI
2162,SBS
2163,CET
2164,NXP
2165,HRL
2166,TKAT
2167,BICK
2168,TME
2169,KODK
2170,HMHC
2171,RMM
2172,SCHN
2173,FATBW
2174,LQDT
2175,EUFN
2176,VBTX
2177,BDGE
2178,CSGP
2179,FLIC
2180,SNFCA
2181,CDMOP
2182,BLK
2183,ADRE
2184,AIRTP
2185,VRNT
2186,GIS
2187,ADIL
2188,AXL
2189,FCCO
2190,PEZ
2191,NI
2192,ERESU
2193,VIST
2194,ETACU
2195,CPB
2196,RPD
2197,BCEL
2198,SPLP
2199,CAKE
2200,MAT
2201,ESSA
2202,ALRM
2203,PAA
2204,HTH
2205,WSTL
2206,PKW
2207,SDG
2208,EVM
2209,BMRC
2210,CLDT
2211,MFC
2212,PLX
2213,DISCA
2214,BDTX
2215,CSX
2216,PSA
2217,ACNB
2218,IRCP
2219,SASR
2220,KAI
2221,CYBE
2222,PD
2223,REPL
2224,DOOR
2225,VCV
2226,AUY
2227,DBI
2228,BGB
2229,POTX
2230,LIVN
2231,PDI
2232,DRRX
2233,SQBG
2234,NEXT
2235,MIND
2236,BPTH
2237,VIAC
2238,UNP
2239,SRNE
2240,J
2241,RDS.A
2242,GGB
2243,ANDAU
2244,WVVIP
2245,FARO
2246,NKTX
2247,PPSI
2248,EVT
2249,FHB
2250,EMD
2251,BIMI
2252,RCB
2253,IBP
2254,MCEF
2255,EPD
2256,PPH
2257,AFINP
2258,TW
2259,MGPI
2260,IDE
2261,CSPI
2262,JWS.U
2263,NWPX
2264,NYMT
2265,DCPH
2266,KZIA
2267,CAPAU
2268,ECF
2269,AIH
2270,BBDC
2271,RDCM
2272,TGNA
2273,AMSF
2274,XGN
2275,SQQQ
2276,MCS
2277,HR
2278,DHF
2279,ADMP
2280,CNFR
2281,TTC
2282,ISRG
2283,PRGX
2284,ACGL
2285,JD
2286,WMK
2287,OFS
2288,AHC
2289,Y
2290,CMLS
2291,SPH
2292,IQV
2293,YORW
2294,GIK.WS
2295,CXDO
2296,PARR
2297,CPTI
2298,AZZ
2299,MC
2300,EW
2301,IMTE
2302,CAMP
2303,BSCM
2304,HMLP
2305,GTHX
2306,IBBJ
2307,SOHON
2308,COLB
2309,PFS
2310,PINS
2311,SFM
2312,REPH
2313,SBE
2314,RELL
2315,PAM
2316,QQXT
2317,GFNCP
2318,ENTX
2319,NUAN
2320,GOLD
2321,CAT
2322,FBP
2323,MESO
2324,NKX
2325,BNR
2326,FOSL
2327,AL
2328,EBMT
2329,RNMC
2330,KSMTU
2331,ALDX
2332,KRTX
2333,ALUS
2334,NES
2335,SLCT
2336,HRTG
2337,GATX
2338,TIGR
2339,UFPT
2340,RMED
2341,AIN
2342,ATIF
2343,TAT
2344,EYPT
2345,BCBP
2346,BMTC
2347,SYNA
2348,MUX
2349,WLTW
2350,APD
2351,EPAM
2352,CXSE
2353,HOTH
2354,ORIC
2355,SLGG
2356,CFXA
2357,BRN
2358,GRIN
2359,BBIO
2360,CLMT
2361,ATH
2362,ALNY
2363,NTCT
2364,EYE
2365,LHX
2366,VXUS
2367,AMCIU
2368,SWX
2369,EXTN
2370,ARL
2371,AKRO
2372,EAE
2373,TRNE
2374,OAC
2375,BLW
2376,TMO
2377,JACK
2378,ARKR
2379,MTR
2380,ENB
2381,SRRA
2382,SCPE.WS
2383,HNP
2384,INSG
2385,KELYB
2386,BSML
2387,AYRO
2388,TALO
2389,DCF
2390,EGO
2391,LTC
2392,DCOMP
2393,NBACW
2394,CUBB
2395,IRET
2396,WTFCM
2397,TFII
2398,PNRG
2399,MHLA
2400,TNC
2401,OXLC
2402,GIL
2403,BC
2404,AIMC
2405,CI
2406,NSTG
2407,EFC
2408,PYPD
2409,CCR
2410,NBRV
2411,EOI
2412,XTLB
2413,RYAAY
2414,AZRX
2415,MPWR
2416,JFK
2417,BK
2418,UVE
2419,NDRAW
2420,SMMF
2421,XAIR
2422,KAR
2423,DE
2424,PAYX
2425,SJ
2426,CRDF
2427,OXM
2428,PEO
2429,ARTLW
2430,TLT
2431,BSBE
2432,BBCP
2433,NBR
2434,LBTYB
2435,QGEN
2436,ETSY
2437,YLCO
2438,SKOR
2439,HAIN
2440,AGE
2441,T
2442,EVC
2443,QTNT
2444,HBM
2445,EQR
2446,HJLIW
2447,CATY
2448,IIM
2449,NUV
2450,IMMP
2451,CFBK
2452,MBIO
2453,PATI
2454,DAX
2455,HECCU
2456,ZOM
2457,DPW
2458,TEI
2459,BX
2460,GM
2461,DRTT
2462,FRBK
2463,SYPR
2464,PHT
2465,VTGN
2466,NRZ
2467,TBI
2468,DTIL
2469,DLPH
2470,THBRU
2471,WU
2472,USEG
2473,BNDX
2474,BAX
2475,IAE
2476,EGP
2477,ADCT
2478,OBSV
2479,SIVB
2480,TSBK
2481,HAE
2482,CDNS
2483,MCK
2484,FR
2485,PTY
2486,BLBD
2487,KBH
2488,DFS
2489,TRN
2490,USMC
2491,SLS
2492,HUBB
2493,COLL
2494,PH
2495,AFG
2496,ARAY
2497,STAF
2498,VREX
2499,IPGP
2500,PAVMZ
2501,HDSN
2502,NML
2503,PBFX
2504,DFP
2505,AIRR
2506,BRLIR
2507,GRTX
2508,FINV
2509,SOAC
2510,MIY
2511,HSKA
2512,NBEV
2513,INBX
2514,SGEN
2515,LUB
2516,CARZ
2517,BRKR
2518,VRA
2519,VNTR
2520,ATV
2521,ADX
2522,USLB
2523,AEMD
2524,PTACW
2525,TBB
2526,PZC
2527,UBFO
2528,CCI
2529,KOPN
2530,IJT
2531,MSGN
2532,PHGE
2533,PFH
2534,FTXL
2535,WTTR
2536,IHC
2537,GSLD
2538,ACIA
2539,SWCH
2540,NTWK
2541,NXE
2542,ESGR
2543,TIGO
2544,FCRZ
2545,RCON
2546,CNSP
2547,LEG
2548,CE
2549,GRA
2550,CLB
2551,DUO
2552,NEOS
2553,VIR
2554,SKX
2555,TBNK
2556,ST
2557,VTWG
2558,TLSA
2559,FKU
2560,SQ
2561,TXN
2562,XEC
2563,ZION
2564,ES
2565,PBTS
2566,WNC
2567,VVPR
2568,TQQQ
2569,OGE
2570,YRCW
2571,ERYP
2572,AKR
2573,AGBA
2574,NCR
2575,TOPS
2576,HFC
2577,DAO
2578,NBAC
2579,PBT
2580,PAIC
2581,CPIX
2582,NCNO
2583,CIH
2584,CHMI
2585,PSMT
2586,HTBK
2587,JOB
2588,CIX
2589,LGIH
2590,CFFAW
2591,SPWR
2592,JCE
2593,NFIN
2594,ISTR
2595,CBB
2596,XP
2597,LBTYA
2598,NEPH
2599,HTHT
2600,BHFAO
2601,CGIX
2602,ATCX
2603,LGF.B
2604,ETY
2605,BCOM
2606,BSL
2607,NTEST.C
2608,MDB
2609,UBS
2610,LOACW
2611,OXSQZ
2612,IBOC
2613,BSRR
2614,IBTB
2615,GNRSU
2616,APHA
2617,PUK
2618,INGR
2619,AER
2620,KLAC
2621,FLT
2622,BGNE
2623,FSK
2624,ATRI
2625,WEX
2626,ENX
2627,CPAC
2628,MKC
2629,PTRS
2630,CTMX
2631,SXC
2632,HST
2633,GCBC
2634,BLNKW
2635,TCBIL
2636,NVGS
2637,NTGR
2638,ORSNW
2639,IMAC
2640,DAC
2641,TCMD
2642,JFKKR
2643,PXD
2644,UBSI
2645,ATEN
2646,HLIT
2647,WBT
2648,WLK
2649,SJR
2650,WABC
2651,FNF
2652,AKCA
2653,UFS
2654,SPI
2655,XRAY
2656,EDOC
2657,DZSI
2658,CFX
2659,WAFD
2660,FCAP
2661,ZLAB
2662,X
2663,MNDO
2664,VCYT
2665,PFIE
2666,AMTI
2667,IPLDP
2668,AVID
2669,BSJL
2670,CALM
2671,AMRHW
2672,PBH
2673,IBA
2674,IBTJ
2675,NNY
2676,PTACU
2677,LIVK
2678,SRC
2679,HCI
2680,PNTG
2681,CODA
2682,MHH
2683,RVT
2684,MPAA
2685,TFFP
2686,NL
2687,CRIS
2688,AAN
2689,FTSI
2690,FMO
2691,YELP
2692,CECE
2693,HBANN
2694,CIZN
2695,FDUSG
2696,EDD
2697,TSC
2698,WMGI
2699,BKU
2700,FORK
2701,BST
2702,CSOD
2703,BRK.A
2704,MET
2705,AGM
2706,MAR
2707,ACA
2708,NXR
2709,CANF
2710,UTZ.WS
2711,FOR
2712,LINX
2713,GIM
2714,ROST
2715,APH
2716,ADMA
2717,UCL
2718,ELVT
2719,FAF
2720,IBTD
2721,NAVI
2722,SSL
2723,ANDA
2724,DXLG
2725,ZTEST
2726,KR
2727,MGEE
2728,CLRB
2729,BMRG
2730,MOH
2731,WNFM
2732,VIV
2733,GIX~
2734,PRS
2735,QVCD
2736,STZ
2737,AQMS
2738,MTX
2739,ACB
2740,CHRS
2741,TMHC
2742,TGLS
2743,OSH
2744,BTEC
2745,RILYI
2746,LITB
2747,RBKB
2748,XPEL
2749,SQFT
2750,DRIV
2751,DVN
2752,AIW
2753,DCTH
2754,OII
2755,HPF
2756,ONEW
2757,LCAPU
2758,YGYI
2759,BOTJ
2760,FMX
2761,PANA.U
2762,CARS
2763,VPG
2764,WELL
2765,PKE
2766,AGFS
2767,DAL
2768,YAC.U
2769,CYCN
2770,SOJA
2771,CDXC
2772,AGNCM
2773,EURN
2774,VUSE
2775,BKCC
2776,SMTX
2777,FPI
2778,CPHC
2779,VHC
2780,OTIS
2781,VPV
2782,EHC
2783,MUR
2784,SRE
2785,ATUS
2786,PLXS
2787,MPW
2788,EB
2789,IART
2790,CXP
2791,TPHS
2792,FCN
2793,CDE
2794,VVNT.WS
2795,BGI
2796,PHG
2797,OSPN
2798,ESBK
2799,LAZ
2800,AGTC
2801,AGM.A
2802,AGNCP
2803,NGG
2804,CCNC
2805,TRIL
2806,PDFS
2807,BKSC
2808,SBSI
2809,HCCO
2810,SIC
2811,BCEI
2812,NGM
2813,PLMR
2814,GSMG
2815,SUMR
2816,NURO
2817,DGNR.U
2818,OLP
2819,JWS
2820,BBL
2821,NTAP
2822,CUTR
2823,YLDE
2824,IMMR
2825,SWTX
2826,RC
2827,VKTX
2828,BBI
2829,LADR
2830,AMC
2831,IMVT
2832,PANW
2833,CRVS
2834,TRI
2835,JRVR
2836,TANNL
2837,SSTI
2838,INSP
2839,RPT
2840,NVCN
2841,TGH
2842,GIX.U
2843,FHN
2844,MKSI
2845,SAMAW
2846,HFRO
2847,HL
2848,COP
2849,RAMP
2850,JMM
2851,MUE
2852,HSIC
2853,BXMX
2854,FATE
2855,IPOB.WS
2856,NSC
2857,CVA
2858,CXO
2859,PS
2860,AFYA
2861,EFR
2862,MIDD
2863,EMR
2864,STOK
2865,AZO
2866,VNOM
2867,ZGNX
2868,PANA.WS
2869,TVE
2870,DOV
2871,ITRN
2872,IBM
2873,INSUU
2874,CSF
2875,BCX
2876,CTEST.O
2877,FEMB
2878,GBT
2879,DGII
2880,CNF
2881,MDWD
2882,ASRT
2883,WPF
2884,CETV
2885,SLQT
2886,LPX
2887,CEI
2888,ROCHW
2889,ESSCW
2890,USXF
2891,ZM
2892,HSDT
2893,CXH
2894,PDS
2895,AIZ
2896,GLADL
2897,APO
2898,IDEX
2899,SWN
2900,EPZM
2901,AVGOP
2902,ACER
2903,PAVMW
2904,PRPH
2905,CTXR
2906,OTEX
2907,TSRI
2908,CHIC
2909,FHI
2910,REGN
2911,CBT
2912,ITGR
2913,LTRPA
2914,IQI
2915,ARC
2916,ENSV
2917,TPL
2918,MVBF
2919,ETX
2920,ANAB
2921,ISNS
2922,DSKEW
2923,GTIM
2924,MTB
2925,PAYS
2926,FDT
2927,ENIA
2928,VTIP
2929,CLVS
2930,CSWC
2931,GSAH.U
2932,CARR
2933,VTWO
2934,CNST
2935,IGIB
2936,VVNT
2937,HTIA
2938,GNFT
2939,CTBB
2940,TECTP
2941,FSBW
2942,XLRN
2943,CSPR
2944,CFO
2945,IMO
2946,LKCO
2947,ESE
2948,ISEM
2949,RA
2950,GRNVR
2951,CVNA
2952,SSTK
2953,IONS
2954,EVG
2955,HPE
2956,BPYU
2957,DWSH
2958,NBY
2959,NPO
2960,MXC
2961,FMY
2962,PMX
2963,CYH
2964,MYI
2965,TLI
2966,LOV
2967,LKOR
2968,DCT
2969,BSJR
2970,HPK
2971,MFV
2972,MMI
2973,BXS
2974,UVV
2975,AON
2976,HY
2977,MCI
2978,BOWXU
2979,WISA
2980,AXTA
2981,LOAN
2982,CPLP
2983,FUN
2984,WH
2985,PTVCA
2986,BMRG.WS
2987,TDC
2988,HAL
2989,BSMP
2990,CLGN
2991,SMMT
2992,AEFC
2993,OPOF
2994,EIGI
2995,CMO
2996,LAC
2997,DVAX
2998,KE
2999,GMZ
3000,GEO
3001,PAHC
3002,PKG
3003,CYRX
3004,AMRS
3005,NIE
3006,STRS
3007,AWH
3008,ETG
3009,MTEX
3010,LIND
3011,GFN
3012,CLS
3013,HCXY
3014,NAN
3015,CNTX
3016,true
3017,RESI
3018,SNSS
3019,SILK
3020,RVMD
3021,AHT
3022,PICO
3023,INOD
3024,TRMB
3025,VCNX
3026,OTLKW
3027,TECH
3028,HPR
3029,DRNA
3030,ARE
3031,GRAF.WS
3032,NEE
3033,VCIT
3034,NETE
3035,BWA
3036,ISSC
3037,VRTV
3038,LPI
3039,PINC
3040,DLPNW
3041,CHE
3042,ISEE
3043,ATR
3044,HVBC
3045,FDUSL
3046,BNY
3047,JIH
3048,NCMI
3049,WRLD
3050,EAI
3051,KREF
3052,GLAD
3053,LZB
3054,BSET
3055,APXTW
3056,RHE
3057,SFUN
3058,SBE.U
3059,BFAM
3060,IAA
3061,KZR
3062,REYN
3063,NCZ
3064,TGC
3065,BGFV
3066,OMER
3067,OTTR
3068,SNGX
3069,PLCE
3070,BZUN
3071,MSON
3072,CIIC
3073,HTBI
3074,DS
3075,EAF
3076,PIE
3077,INTT
3078,VTSI
3079,LMT
3080,SEM
3081,ANAT
3082,ARTNA
3083,ANVS
3084,FSLF
3085,RDI
3086,KEYS
3087,FTEK
3088,DXYN
3089,RKT
3090,JQC
3091,MNR
3092,PRTY
3093,WAB
3094,BHF
3095,SHIPZ
3096,PROV
3097,AMRB
3098,EFT
3099,ORSNR
3100,ACLS
3101,EVLMC
3102,SANW
3103,CDR
3104,CTZ
3105,MMX
3106,FDTS
3107,AVXL
3108,IBTA
3109,AIM
3110,VNQI
3111,GFNSL
3112,TANH
3113,CPAAW
3114,FEAC.U
3115,NLOK
3116,RUHN
3117,GERN
3118,SLDB
3119,SVRA
3120,EYEG
3121,TXRH
3122,GWPH
3123,AVGR
3124,IIVI
3125,HOMB
3126,TMBR
3127,REKR
3128,VALU
3129,CID
3130,CGO
3131,DNI
3132,OPP
3133,CHSCL
3134,RIOT
3135,RM
3136,IRWD
3137,SPR
3138,MFAC.WS
3139,ARYA
3140,DAVA
3141,NWN
3142,MGU
3143,UBCP
3144,CS
3145,TBIO
3146,SMSI
3147,XEL
3148,BKN
3149,AACQ
3150,OEG
3151,PESI
3152,VMC
3153,DNB
3154,LODE
3155,NWLI
3156,HWCC
3157,A
3158,HAS
3159,FISV
3160,AMHC
3161,RNLC
3162,ODT
3163,HNGR
3164,PEBK
3165,USAU
3166,FPAY
3167,JRSH
3168,PBB
3169,BCC
3170,CVE
3171,OMI
3172,INVE
3173,BCDA
3174,TUSA
3175,AR
3176,MLCO
3177,FLWR
3178,KNSL
3179,RILYH
3180,EBTC
3181,ADC
3182,AXTI
3183,EOS
3184,TITN
3185,HYMCZ
3186,TWI
3187,AIMT
3188,TOUR
3189,HMN
3190,BSJP
3191,NUM
3192,REDU
3193,FCCY
3194,R
3195,MAXR
3196,EEMA
3197,PFIN
3198,SYF
3199,TNAV
3200,MFNC
3201,TOTAU
3202,DCP
3203,SOJB
3204,PCH
3205,GWB
3206,VSLR
3207,CHEF
3208,LULU
3209,SOLY
3210,JMPNL
3211,EBS
3212,GNSS
3213,SAMG
3214,FLY
3215,KOD
3216,SNA
3217,IMTXW
3218,RDWR
3219,GMDA
3220,CHRW
3221,LFC
3222,NSYS
3223,LCAHU
3224,MIN
3225,SYBT
3226,PGNY
3227,FTCH
3228,CTEK
3229,MITK
3230,GDV
3231,COWNZ
3232,CYBR
3233,HX
3234,GFED
3235,CPRT
3236,TOTAR
3237,AFB
3238,HKIT
3239,CPAAU
3240,RFM
3241,HE
3242,AEYE
3243,SHLO
3244,CELP
3245,SHOO
3246,BABA
3247,FREQ
3248,UHT
3249,NTR
3250,SPTN
3251,SOLO
3252,CHH
3253,GRAF
3254,AEM
3255,AVDL
3256,GGZ
3257,SWAV
3258,ICUI
3259,PFM
3260,BIOX
3261,PMM
3262,RDNT
3263,HCKT
3264,CCD
3265,ALBO
3266,ARMK
3267,ATAX
3268,WMC
3269,UAA
3270,NKTR
3271,HYXE
3272,ARAV
3273,BBW
3274,BRFS
3275,FAM
3276,WSTG
3277,RTRX
3278,CL
3279,SUI
3280,IRL
3281,BWXT
3282,AT
3283,ACCP
3284,ZAGG
3285,NEWT
3286,NVUS
3287,CHU
3288,PUMP
3289,WOOD
3290,EDI
3291,CBX
3292,NATH
3293,CAAS
3294,BCTG
3295,EFSC
3296,SOJC
3297,RMG.WS
3298,UXIN
3299,RGNX
3300,VTOL
3301,TNK
3302,SFBC
3303,EPAC
3304,CLSN
3305,AYTU
3306,SMCI
3307,MHE
3308,TBLT
3309,IVA
3310,GILD
3311,NTEST
3312,PTNR
3313,AGNCO
3314,FIZZ
3315,SLB
3316,TOWN
3317,SF
3318,LMRK
3319,FSKR
3320,GPS
3321,ATRO
3322,ICE
3323,GAN
3324,BXC
3325,AMX
3326,LOAC
3327,QLYS
3328,TCOM
3329,WRTC
3330,BOX
3331,RY
3332,KDMN
3333,CHNR
3334,FL
3335,CIG.C
3336,ONTO
3337,TALO.WS
3338,GLNG
3339,AEL
3340,GHL
3341,IO
3342,GRAF.U
3343,AMCR
3344,MPLX
3345,BPOPM
3346,BDN
3347,SBLKZ
3348,RLMD
3349,TKC
3350,FSRVW
3351,TDOC
3352,NAT
3353,HVT.A
3354,BNSO
3355,AGD
3356,PPC
3357,OGS
3358,PFF
3359,BGY
3360,OXBRW
3361,GLYC
3362,STRM
3363,GMTA
3364,AGBAW
3365,CZZ
3366,STKL
3367,HECCW
3368,RYI
3369,CLF
3370,HUGE
3371,TRNO
3372,BHFAL
3373,POLA
3374,SNEX
3375,LIVE
3376,HCAPZ
3377,OGEN
3378,FSRVU
3379,HZO
3380,LAD
3381,BOOT
3382,ASUR
3383,EPIX
3384,PFE
3385,EYEN
3386,BPOPN
3387,NHLD
3388,IPHA
3389,CARG
3390,SALM
3391,SUM
3392,CFIIU
3393,KNOP
3394,FSI
3395,EIGR
3396,SOAC.WS
3397,GSH
3398,SBT
3399,SCOR
3400,TRP
3401,RLGY
3402,SLRC
3403,STNG
3404,OCFT
3405,LGVW.U
3406,IOR
3407,SDC
3408,BHFAP
3409,BMI
3410,SHLL.U
3411,DCI
3412,ESTE
3413,PBCT
3414,CHW
3415,EXAS
3416,ANTM
3417,ATTO
3418,TPZ
3419,SKM
3420,AN
3421,APOPW
3422,SSD
3423,NYCB
3424,KIO
3425,SCVX.U
3426,BSCN
3427,SJT
3428,TELA
3429,DD
3430,NVR
3431,IMRN
3432,ATNX
3433,PHUNW
3434,ASTC
3435,TWIN
3436,INGN
3437,BREW
3438,FVCB
3439,MCV
3440,PAYC
3441,D
3442,TUP
3443,GSKY
3444,HNNA
3445,YNDX
3446,TAK
3447,EMN
3448,INZY
3449,USFD
3450,MIE
3451,MNCLW
3452,PG
3453,ALL
3454,GXGXW
3455,PULM
3456,CHSCN
3457,CHPM
3458,FIXD
3459,MBCN
3460,MN
3461,ITCI
3462,CGNX
3463,AFL
3464,KSM
3465,GLW
3466,FICO
3467,GPMT
3468,KVHI
3469,IAC
3470,NYC
3471,DISCK
3472,WBAI
3473,FTACW
3474,PACD
3475,FLWS
3476,WFC
3477,BTG
3478,JP
3479,GFF
3480,GTEC
3481,TV
3482,NTST
3483,ITP
3484,NODK
3485,PPG
3486,PVAC
3487,GDYN
3488,ROK
3489,GURE
3490,DUC
3491,GGM
3492,NATI
3493,CCK
3494,JEMD
3495,BRKS
3496,OGI
3497,SSYS
3498,EOD
3499,FSLR
3500,TREE
3501,VEON
3502,MCACU
3503,GRCYU
3504,TTWO
3505,MRBK
3506,VOLT
3507,STKS
3508,CDNA
3509,MITO
3510,FEDU
3511,SENS
3512,ENR
3513,VLRS
3514,ASMB
3515,FAD
3516,VST
3517,STWD
3518,CRL
3519,BE
3520,AX
3521,IMGN
3522,CCEP
3523,CXE
3524,THO
3525,AKTX
3526,MCBS
3527,MTSI
3528,MOG.A
3529,TANNI
3530,NTIP
3531,FCA
3532,ASRV
3533,MCRB
3534,ARYBU
3535,SGBX
3536,CARV
3537,CSSE
3538,FWONA
3539,FLO
3540,WBND
3541,DMB
3542,BGIO
3543,DHY
3544,GPRK
3545,IDA
3546,GBLI
3547,PI
3548,CIBR
3549,CTR
3550,WTBA
3551,CIF
3552,TDI
3553,SQNS
3554,HWBK
3555,DOX
3556,VRNA
3557,NMIH
3558,LBAI
3559,HTLF
3560,TROX
3561,HIBB
3562,FEIM
3563,HRZN
3564,CMD
3565,EGHT
3566,ESEA
3567,ESGRP
3568,VBIV
3569,BBRX
3570,KKR
3571,CMRX
3572,TDG
3573,OVID
3574,JSML
3575,RILYN
3576,WEA
3577,MGI
3578,REG
3579,ESTC
3580,IPG
3581,RPAY
3582,TAL
3583,ATEST.B
3584,VSTO
3585,PATK
3586,TTD
3587,EXPO
3588,WY
3589,NEO
3590,TAOP
3591,TSCAP
3592,ACM
3593,UFAB
3594,GLDD
3595,VKTXW
3596,DSL
3597,MU
3598,CLCT
3599,SELB
3600,KFY
3601,OMC
3602,PRVL
3603,LMFAW
3604,SGLB
3605,MR
3606,COTY
3607,APEI
3608,FITBP
3609,SLM
3610,CODI
3611,AMHCW
3612,GIK
3613,BSTZ
3614,CAI
3615,BBDO
3616,CB
3617,FOE
3618,CASS
3619,PYN
3620,CBAN
3621,WING
3622,NVAX
3623,GLRE
3624,SCVX.WS
3625,SFE
3626,FCBC
3627,EVER
3628,MMAC
3629,USAP
3630,PCTI
3631,KWR
3632,OXY
3633,CAH
3634,PDEX
3635,CTIB
3636,FGEN
3637,CDW
3638,LSAC
3639,SMM
3640,RPM
3641,GRSVU
3642,ENG
3643,MRNA
3644,BCPC
3645,VTA
3646,FCAL
3647,MMD
3648,JCI
3649,PLBC
3650,MVIS
3651,GBIO
3652,EMF
3653,BTZ
3654,ONB
3655,LWAY
3656,XCUR
3657,FCBP
3658,HGBL
3659,TSLA
3660,ACRS
3661,FAT
3662,NMS
3663,GBDC
3664,PSO
3665,ITT
3666,WVE
3667,MOS
3668,ETFC
3669,NFBK
3670,BLCN
3671,CASI
3672,TCX
3673,LOACU
3674,CLNY
3675,CVLT
3676,EDSA
3677,RMG.U
3678,INFR
3679,FFIV
3680,NAZ
3681,STFC
3682,ICLK
3683,AMCA
3684,GLOB
3685,DWAW
3686,KALA
3687,NAVB
3688,PGC
3689,BRK.B
3690,TRCH
3691,VUZI
3692,FCAN
3693,AMT
3694,TCBK
3695,GES
3696,LAIX
3697,FTSM
3698,CYAN
3699,DYNT
3700,WTS
3701,DOMO
3702,FRT
3703,YCBD
3704,ALIT
3705,BNTX
3706,SY
3707,HNRG
3708,ONDK
3709,DRIOW
3710,CHMG
3711,NSIT
3712,AXLA
3713,BSCQ
3714,DADA
3715,ZYME
3716,SKY
3717,SATS
3718,DT
3719,DEH.U
3720,MMU
3721,LOAK.WS
3722,ZBRA
3723,EVBN
3724,SFST
3725,ESS
3726,RMI
3727,FNKO
3728,AI
3729,FUL
3730,ARES
3731,VRT
3732,LBRDA
3733,RHP
3734,SJM
3735,SSKN
3736,CTIC
3737,TYG
3738,PZZA
3739,GV
3740,BPY
3741,CBPO
3742,CIK
3743,PFPT
3744,SOL
3745,SSPKW
3746,SOAC.U
3747,COWNL
3748,PIC.U
3749,RFEU
3750,BLCM
3751,BTA
3752,CREE
3753,THFF
3754,KGC
3755,FAMI
3756,QD
3757,TDF
3758,ERIC
3759,SHLL
3760,HEAR
3761,NVCR
3762,TGP
3763,ORN
3764,VICR
3765,API
3766,IHD
3767,THTX
3768,TSEM
3769,LACQW
3770,ACWI
3771,BJRI
3772,EXPD
3773,LGC.WS
3774,FFIN
3775,GWW
3776,PCI
3777,AGYS
3778,KAMN
3779,MRC
3780,NWL
3781,NICK
3782,VGZ
3783,IPAR
3784,BTN
3785,FULC
3786,EFX
3787,QADA
3788,BSMR
3789,NSPR
3790,PFHD
3791,ESP
3792,WNEB
3793,OFIX
3794,BAC
3795,NBSE
3796,HOOK
3797,MSI
3798,SCX
3799,VIE
3800,ORI
3801,URBN
3802,BERY
3803,JVA
3804,ENPH
3805,CIA
3806,EQH
3807,NEA
3808,POWI
3809,CHA
3810,DKNG
3811,APVO
3812,RNLX
3813,ACHV
3814,TRU
3815,EXEL
3816,DMXF
3817,L
3818,FOXA
3819,ITEQ
3820,SEIC
3821,LVGO
3822,NMRD
3823,PTGX
3824,WASH
3825,IFGL
3826,PRFT
3827,HTFA
3828,ET
3829,ALGN
3830,DKS
3831,FYC
3832,AVEO
3833,TMDI
3834,ONTX
3835,BSMO
3836,STAA
3837,MLP
3838,EVOK
3839,ARGX
3840,WTER
3841,NVST
3842,CATO
3843,BMY
3844,TROW
3845,BMRA
3846,NVRO
3847,BHLB
3848,SMHI
3849,COR
3850,MDLY
3851,CNI
3852,CATC
3853,PTON
3854,VNDA
3855,PUYI
3856,HWCPZ
3857,PANA
3858,RXT
3859,G
3860,CR
3861,HEI.A
3862,AMSWA
3863,TDW.WS
3864,SMLP
3865,BCRX
3866,ERII
3867,BFS
3868,ASM
3869,MCB
3870,PCTY
3871,HII
3872,CLWT
3873,NVIV
3874,BATL
3875,JPS
3876,BMY~
3877,MXF
3878,IOSP
3879,JIH.WS
3880,KRNY
3881,CLA.U
3882,UFO
3883,FN
3884,PRMW
3885,WERN
3886,SONN
3887,LIVKW
3888,CHD
3889,AXP
3890,AGBAR
3891,NTB
3892,EVGBC
3893,HTZ
3894,AQNB
3895,CTSO
3896,FLRZ
3897,TEL
3898,RGLS
3899,FDUSZ
3900,IDRA
3901,DXPE
3902,ARDX
3903,HLT
3904,GCP
3905,NXTC
3906,ZS
3907,CCAC
3908,AGEN
3909,OBLG
3910,CRD.B
3911,BGX
3912,GPK
3913,TRQ
3914,TSLX
3915,KTF
3916,PCPL.U
3917,ZIONN
3918,DRUA
3919,LATNU
3920,GLT
3921,VTC
3922,HESM
3923,BCOR
3924,IEI
3925,RDHL
3926,MFO
3927,BSE
3928,MOXC
3929,WGO
3930,CNA
3931,AE
3932,PSACW
3933,FPF
3934,SFTW.U
3935,PACW
3936,HBIO
3937,FMB
3938,BLFS
3939,GOF
3940,ARGO
3941,CDAY
3942,LQDA
3943,ALC
3944,MCHX
3945,ZKIN
3946,UCBI
3947,NXQ
3948,SPSC
3949,INVA
3950,CMCO
3951,CCB
3952,ABTX
3953,AGNC
3954,AVT
3955,GTH
3956,AONE.U
3957,PEAK
3958,CPF
3959,AGX
3960,AUG
3961,GBLK
3962,NKE
3963,FBC
3964,RELV
3965,ORSN
3966,WBA
3967,SHYF
3968,NIO
3969,OBLN
3970,SGC
3971,MNP
3972,COMT
3973,IBTX
3974,WHFBZ
3975,FULT
3976,PSTI
3977,WTRE
3978,BEP
3979,FAX
3980,NTEST.A
3981,CEV
3982,FTF
3983,GOLF
3984,REFR
3985,VIVO
3986,KPTI
3987,GSHD
3988,MYFW
3989,WPRT
3990,ENDP
3991,SGRP
3992,BLRX
3993,NTLA
3994,LVS
3995,FID
3996,GSK
3997,HURC
3998,EGRX
3999,SCYX
4000,FNLC
4001,BZH
4002,IDXG
4003,SIGA
4004,SCCI
4005,TNXP
4006,GGO
4007,BYSI
4008,CSU
4009,NRBO
4010,BLI
4011,LASR
4012,SSPKU
4013,QCOM
4014,SNBR
4015,BOOM
4016,NGVT
4017,LNGR
4018,OPTT
4019,FCAU
4020,APRE
4021,HRI
4022,CVGI
4023,EXG
4024,DAR
4025,RIG
4026,EIM
4027,NXJ
4028,MFD
4029,THR
4030,TLK
4031,QQEW
4032,AEIS
4033,IGLE
4034,LUNA
4035,BSMS
4036,OSMT
4037,QUIK
4038,FCT
4039,NEWA
4040,CALA
4041,AVCO
4042,ZYXI
4043,CNNB
4044,LMRKN
4045,NGS
4046,OSIS
4047,ETV
4048,PPT
4049,OVBC
4050,FEUZ
4051,LCNB
4052,GEVO
4053,PSCE
4054,DXGE
4055,MOR
4056,PSTG
4057,SHY
4058,PTE
4059,MBIN
4060,SBLK
4061,CW
4062,BPMC
4063,CCS
4064,PBA
4065,AAXN
4066,ABEV
4067,EXD
4068,LB
4069,MJCO
4070,VERB
4071,PHIOW
4072,ESSCU
4073,AVA
4074,HCA
4075,CNOB
4076,EQX
4077,TLND
4078,PLL
4079,TGT
4080,OCCI
4081,BSGM
4082,FRC
4083,HIMX
4084,CHNGU
4085,OI
4086,CCM
4087,BRP
4088,FFC
4089,CBO
4090,WCC
4091,GWGH
4092,FRGI
4093,NSPR.WS
4094,NCNA
4095,KHC
4096,RBA
4097,MBINP
4098,OPINI
4099,AEP
4100,SUSC
4101,SPAQ.WS
4102,USCR
4103,PSNL
4104,RZB
4105,KIM
4106,SR
4107,BRC
4108,NUW
4109,XBIT
4110,IPWR
4111,VRCA
4112,RRGB
4113,CFFAU
4114,XOM
4115,UA
4116,TTGT
4117,INBKZ
4118,FVAC.U
4119,MSCI
4120,MRIN
4121,QQQ
4122,UBA
4123,HUBS
4124,LND
4125,SHBI
4126,LUMO
4127,H
4128,CHCT
4129,BGR
4130,HOLUU
4131,DSE
4132,FHK
4133,MNRO
4134,DHIL
4135,OXY.WS
4136,NKG
4137,EXC
4138,GOGL
4139,RNG
4140,FUSE.WS
4141,MTSL
4142,YUM
4143,RILYM
4144,PID
4145,SLMBP
4146,ITAC
4147,RCEL
4148,DEO
4149,RRC
4150,TLGT
4151,CHSCM
4152,TCP
4153,SMTS
4154,NJR
4155,NEU
4156,WAFU
4157,NRG
4158,PBC
4159,WRI
4160,FLNG
4161,OLLI
4162,NTUS
4163,VMACW
4164,CXDC
4165,MGNI
4166,GMLPP
4167,BEN
4168,TWTR
4169,FTK
4170,GORO
4171,BLPH
4172,AACQW
4173,OCC
4174,TWMC
4175,LOGI
4176,IPHI
4177,PSB
4178,RSF
4179,RCA
4180,COG
4181,MGP
4182,SGH
4183,MED
4184,BMO
4185,BWEN
4186,TDE
4187,IMTX
4188,AVGO
4189,FEI
4190,UTZ
4191,UIHC
4192,DIOD
4193,SPN
4194,VGI
4195,QNST
4196,CHNA
4197,CBIO
4198,QRTEB
4199,IRS
4200,BBBY
4201,WSO
4202,PEB
4203,RLAY
4204,APRN
4205,KEX
4206,UONEK
4207,FNB
4208,RBBN
4209,ASG
4210,NEOG
4211,SGU
4212,SCCO
4213,KCAPL
4214,ZGYHW
4215,BCDAW
4216,RDS.B
4217,LPLA
4218,DRIO
4219,ADVM
4220,DUSA
4221,MFAC
4222,MGTA
4223,AKAM
4224,HOLX
4225,GAIA
4226,AES
4227,SSNC
4228,PHIO
4229,TSE
4230,JGH
4231,TRST
4232,CCAP
4233,LBRDK
4234,PTAC
4235,BLMN
4236,CTB
4237,SE
4238,XT
4239,ALACU
4240,LNN
4241,WHLRD
4242,MDRRP
4243,MARPS
4244,FITBO
4245,AIRI
4246,STCN
4247,CPTA
4248,MRTX
4249,OPRT
4250,SPRO
4251,GMRE
4252,RETO
4253,IUS
4254,FRHC
4255,MTLS
4256,VSEC
4257,BNGOW
4258,GJR
4259,AGMH
4260,BJ
4261,BP
4262,RFEM
4263,BBSI
4264,SAFE
4265,PPL
4266,NFLX
4267,ANGL
4268,SSY
4269,SLP
4270,BAF
4271,AVNT
4272,ATHE
4273,UIS
4274,BWL.A
4275,NVT
4276,REI
4277,OLB
4278,BROGW
4279,REGI
4280,LACQ
4281,PKBK
4282,PLAB
4283,SPXX
4284,MAGS
4285,WMT
4286,ZDGE
4287,PDLB
4288,USM
4289,MSM
4290,RF
4291,VVV
4292,SYNL
4293,HPI
4294,FUSB
4295,RL
4296,TPVY
4297,PHR
4298,MDLQ
4299,CSTR
4300,NRGX
4301,CNTY
4302,SEB
4303,FEO
4304,DLY
4305,SP
4306,VKQ
4307,MBUU
4308,CRSAW
4309,UFI
4310,TPCO
4311,LYL
4312,CRWD
4313,JPM
4314,ETM
4315,SAH
4316,LGHLW
4317,PRPB.U
4318,SLGL
4319,FBZ
4320,AQN
4321,LAND
4322,DWAS
4323,ORCL
4324,CRTX
4325,TZACW
4326,SOS
4327,MKGI
4328,PGJ
4329,RPRX
4330,HCCI
4331,GWRE
4332,BFY
4333,AUBAP
4334,CYCCP
4335,NSP
4336,BEKE
4337,FEMS
4338,MMS
4339,EVH
4340,MLR
4341,ACRE
4342,DARE
4343,ORA
4344,FTNT
4345,GTN.A
4346,VWOB
4347,IMACW
4348,RDN
4349,UI
4350,SAIA
4351,KNL
4352,AMD
4353,CAN
4354,NBN
4355,NOV
4356,CRON
4357,UZA
4358,SMFG
4359,SCPH
4360,BATRK
4361,NGHCO
4362,ZSAN
4363,FVRR
4364,NTRP
4365,LAMR
4366,HSAQ
4367,TOTAW
4368,HCAC
4369,TEO
4370,BAP
4371,LL
4372,CTT
4373,PFNX
4374,DECK
4375,DHX
4376,VERBW
4377,SUSL
4378,CMU
4379,ACOR
4380,JPC
4381,AMBO
4382,ELU
4383,FITB
4384,IZEA
4385,HYACU
4386,ERH
4387,PJH
4388,PIC
4389,SIGI
4390,GSIT
4391,LEVL
4392,CSCO
4393,CBMB
4394,PNI
4395,IEUS
4396,VHI
4397,NMCI
4398,MNRL
4399,BGSF
4400,SQLV
4401,THCBU
4402,CTEST.L
4403,TCBIP
4404,CWEN.A
4405,MSEX
4406,CHUY
4407,MLACU
4408,FANH
4409,MHF
4410,KBLM
4411,VRRM
4412,GMED
4413,SRAX
4414,NVDA
4415,WPP
4416,SPCE
4417,OC
4418,W
4419,TBBK
4420,WSM
4421,MOG.B
4422,AIRT
4423,HMG
4424,GLU
4425,CHNG
4426,FRD
4427,NPK
4428,NDSN
4429,ROG
4430,MSTR
4431,IPKW
4432,GUT
4433,CVR
4434,DXR
4435,GALT
4436,TXT
4437,CFFI
4438,MYJ
4439,OKTA
4440,BPYUP
4441,CPTAL
4442,CBNK
4443,GRNQ
4444,MUJ
4445,BRLIW
4446,FBK
4447,THQ
4448,METXW
4449,ADUS
4450,CIICU
4451,UROV
4452,OMP
4453,SPOT
4454,NXTD
4455,FIV
4456,NG
4457,RCP
4458,MXE
4459,INBKL
4460,EQRR
4461,CHS
4462,B
4463,CDEV
4464,EDUT
4465,APXTU
4466,TIF
4467,CEE
4468,JCTCF
4469,JRS
4470,MDNA
4471,AMWD
4472,LDL
4473,TKR
4474,RMT
4475,HKIB
4476,UTL
4477,NHF
4478,CEZ
4479,UBER
4480,ALT
4481,HCHC
4482,ARYBW
4483,LDP
4484,TAST
4485,MATW
4486,ABUS
4487,LIZI
4488,VBLT
4489,SRCE
4490,SNSR
4491,PSL
4492,COO
4493,GEC
4494,CRNT
4495,LILAK
4496,IGIC
4497,KBR
4498,EVF
4499,CMI
4500,MTH
4501,LBC
4502,MCX
4503,PIM
4504,MNCL
4505,PZN
4506,CERN
4507,BSMT
4508,CHEKZ
4509,PRTS
4510,BMLP
4511,JMP
4512,CERC
4513,VNCE
4514,KF
4515,SD
4516,HOFT
4517,BLIN
4518,AFGD
4519,HLI
4520,BWB
4521,VIPS
4522,BDX
4523,CRHM
4524,FENG
4525,ORCC
4526,SII
4527,KTB
4528,IFMK
4529,STOR
4530,UBOH
4531,UHAL
4532,MTCN
4533,SOXX
4534,UNF
4535,CUZ
4536,NVMI
4537,CKX
4538,KIDS
4539,ACGLO
4540,BITA
4541,CHAQ.U
4542,SNCA
4543,PRGS
4544,DPG
4545,CVLY
4546,DMAC
4547,LTHM
4548,ALTY
4549,NNN
4550,SMMCU
4551,NFTY
4552,GD
4553,EBSB
4554,GTE
4555,CBLI
4556,OFLX
4557,AVAV
4558,SMH
4559,RENN
4560,NAOV
4561,AKTS
4562,IHTA
4563,OAC.U
4564,MCA
4565,FBSS
4566,COHR
4567,IRR
4568,BR
4569,CTBI
4570,NRP
4571,HNDL
4572,MIME
4573,PLXP
4574,CCLP
4575,SAP
4576,PCAR
4577,PAGS
4578,TMST
4579,ALTG
4580,SNR
4581,KSS
4582,BA
4583,VMD
4584,NARI
4585,CHGG
4586,FTI
4587,CEPU
4588,RBCAA
4589,PBR.A
4590,NGVC
4591,VCRA
4592,TREB.WS
4593,CCXX
4594,AACG
4595,FFA
4596,ZUO
4597,HSBC
4598,USWS
4599,KEQU
4600,MAC
4601,VOC
4602,ROCK
4603,AMNB
4604,CTXRW
4605,CWH
4606,NMFX
4607,DUKH
4608,AREC
4609,TWLO
4610,BBVA
4611,ZGYH
4612,CEY
4613,ASGI
4614,FBM
4615,BSBR
4616,SYNH
4617,OOMA
4618,OCSL
4619,IMRA
4620,PNFPP
4621,ORRF
4622,SESN
4623,USLM
4624,AMAT
4625,MSD
4626,MNCLU
4627,HIG
4628,UMRX
4629,DHI
4630,GRUB
4631,SHIPW
4632,FFWM
4633,GRNVU
4634,DALI
4635,WIMI
4636,PDCE
4637,DHC
4638,GTN
4639,BWAY
4640,STXS
4641,PMD
4642,THS
4643,AMKR
4644,IIN
4645,LMNR
4646,DY
4647,IBKR
4648,PCGU
4649,AMBA
4650,GIB
4651,MYN
4652,AYX
4653,IMH
4654,CLDB
4655,IGA
4656,ORTX
4657,ADI
4658,UMBF
4659,JAZZ
4660,AVNW
4661,BSCO
4662,CYCC
4663,BNTC
4664,VERX
4665,LW
4666,GRC
4667,TSU
4668,BKK
4669,CIGI
4670,IBTI
4671,BELFA
4672,JSMD
4673,DEI
4674,MLAB
4675,SEE
4676,EPRT
4677,JILL
4678,KTN
4679,RPLA
4680,MGLN
4681,AUTO
4682,IUSB
4683,GNL
4684,PHGE.WS
4685,TFC
4686,PLOW
4687,GSBC
4688,ABB
4689,NBACR
4690,ENJ
4691,FIF
4692,ARCH
4693,MHO
4694,CPE
4695,ESRT
4696,MCC
4697,MTNB
4698,DVY
4699,UN
4700,OSG
4701,TC
4702,SSPK
4703,PSCF
4704,WILC
4705,ECL
4706,VCEL
4707,IPOB.U
4708,MOD
4709,DEX
4710,GCO
4711,TUR
4712,MNK
4713,FAII.U
4714,GPI
4715,ELSE
4716,DFFN
4717,CSV
4718,ECC
4719,LTBR
4720,KMF
4721,CNCE
4722,YUMC
4723,AXO
4724,TREB
4725,DHCNI
4726,TRC
4727,CTG
4728,GME
4729,VBF
4730,BNDW
4731,RNDM
4732,INTC
4733,JSD
4734,UAN
4735,XNCR
4736,ECOLW
4737,CTEST.G
4738,SFBS
4739,URG
4740,EMXC
4741,BKI
4742,DK
4743,ELLO
4744,LEAF
4745,ICLR
4746,EMX
4747,CHAQ.WS
4748,SNCR
4749,CTRM
4750,LX
4751,CNX
4752,HGH
4753,NET
4754,BILL
4755,OCX
4756,GOOD
4757,FRAN
4758,PSET
4759,HYMCW
4760,CHAQ
4761,FVE
4762,CMLFU
4763,LMNX
4764,TXG
4765,GNRS
4766,SPAQ.U
4767,AMAL
4768,TGI
4769,BCSF
4770,FTHI
4771,TRNE.U
4772,VKI
4773,CPSR.U
4774,EYESW
4775,ARR
4776,EDNT
4777,NBL
4778,MOHO
4779,VGM
4780,DSS
4781,GIFI
4782,IIPR
4783,CMCL
4784,RMRM
4785,KROS
4786,ECPG
4787,EQNR
4788,EIG
4789,EVTC
4790,CNQ
4791,VBFC
4792,CHL
4793,IIIN
4794,PEG
4795,SMCP
4796,HEWG
4797,SXI
4798,FTSL
4799,CLGX
4800,BANFP
4801,JOF
4802,EQS
4803,NEW
4804,TPB
4805,AZPN
4806,CNR
4807,WDR
4808,PETZ
4809,SURF
4810,TIG
4811,NTNX
4812,BFRA
4813,LIQT
4814,ORC
4815,KT
4816,FRA
4817,BTAI
4818,CNTG
4819,SYN
4820,SPB
4821,WIRE
4822,AXSM
4823,FRPT
4824,MPX
4825,CLRBZ
4826,RUBY
4827,CRBP
4828,VMI
4829,MD
4830,ATLC
4831,STRA
4832,CREG
4833,EQIX
4834,ONCT
4835,UNMA
4836,QRHC
4837,BFIN
4838,APTS
4839,BFZ
4840,LSACU
4841,ONCY
4842,CTAS
4843,SCI
4844,FTHM
4845,CATB
4846,TRTX
4847,UZC
4848,LYV
4849,NREF
4850,HIFS
4851,NLS
4852,TPTX
4853,LFVN
4854,RTLR
4855,BKEP
4856,ATVI
4857,CRAI
4858,TTMI
4859,XPEV
4860,VRME
4861,KERNW
4862,CLNE
4863,ASX
4864,RIGL
4865,MFIN
4866,ITIC
4867,NXST
4868,GNW
4869,BLDR
4870,MUC
4871,ELOX
4872,SONA
4873,ABCB
4874,PFO
4875,TNP
4876,WCLD
4877,FUNC
4878,SOHO
4879,SIEB
4880,HCDI
4881,MAV
4882,DYAI
4883,VISL
4884,GRIF
4885,IDCC
4886,DFNL
4887,LXFR
4888,NFJ
4889,ARLO
4890,NFINU
4891,MDGS
4892,DFNS.WS
4893,BRY
4894,USNA
4895,LLY
4896,JAN
4897,PEI
4898,FREE
4899,AMPH
4900,IRTC
4901,XONE
4902,BRLI
4903,QRTAV
4904,JOE
4905,UEC
4906,IUSV
4907,NTN
4908,USAS
4909,CFG
4910,FNX
4911,DIN
4912,OPI
4913,MASI
4914,DNN
4915,UNTY
4916,AFT
4917,THM
4918,CLRO
4919,PRTA
4920,CYTK
4921,HLNE
4922,OLN
4923,FSD
4924,LN
4925,CXW
4926,NYMX
4927,NYMTP
4928,CFBI
4929,TORC
4930,NBLX
4931,STC
4932,ABC
4933,TUSK
4934,UAE
4935,AESE
4936,HJLI
4937,BIT
4938,SKYY
4939,URGN
4940,FBHS
4941,KLXE
4942,OSTK
4943,BKEPP
4944,AIO
4945,SPQQ
4946,SHLX
4947,BRO
4948,DLPN
4949,AXAS
4950,SPNS
4951,CWCO
4952,KRYS
4953,CYD
4954,LEVLP
4955,LEGR
4956,SSRM
4957,PGEN
4958,LMST
4959,DTE
4960,CNCR
4961,NEV
4962,PLUG
4963,UNAM
4964,RFI
4965,PFSW
4966,GECC
4967,PAE
4968,NBO
4969,RPTX
4970,MQT
4971,AXS
4972,FATBP
4973,SLNO
4974,EFL
4975,PBCTP
4976,DFIN
4977,ITCB
4978,WINS
4979,BTBT
4980,LDEM
4981,TA
4982,SIMO
4983,STIM
4984,PXLW
4985,BXMT
4986,TAPR
4987,UNH
4988,SPWH
4989,EVY
4990,ALACR
4991,CUE
4992,ASFI
4993,NMT
4994,WHLRP
4995,SBBP
4996,CRF
4997,GBX
4998,AGIO
4999,BLNK
5000,SRL
5001,ACAD
5002,PHD
5003,DMRC
5004,NEWTI
5005,ESPR
5006,AZEK
5007,CETXP
5008,PIO
5009,ALCO
5010,DWPP
5011,XLNX
5012,FLXN
5013,BASI
5014,LLIT
5015,APYX
5016,HAYN
5017,WKEY
5018,SB
5019,TRMT
5020,PEN
5021,FTV
5022,ISDX
5023,MVO
5024,TRS
5025,GOODM
5026,ZG
5027,SHAK
5028,WRE
5029,CTK
5030,LRN
5031,QRTBV
5032,HTLD
5033,AVLR
5034,NXGN
5035,KOP
5036,IGOV
5037,NKLA
5038,LEGH
5039,VSTM
5040,AMK
5041,BQH
5042,PT
5043,TSM
5044,GP
5045,KEN
5046,SYBX
5047,LGL
5048,RIBT
5049,EDN
5050,HBNC
5051,JRJC
5052,SVMK
5053,GAIN
5054,WLDN
5055,GDP
5056,NHS
5057,RRR
5058,NEWTL
5059,DUOT
5060,SMPL
5061,RIV
5062,ENS
5063,ACU
5064,CORT
5065,PSXP
5066,PRIM
5067,ALLY
5068,GFL
5069,BCE
5070,SNDX
5071,WPM
5072,SUP
5073,FOCS
5074,RNWK
5075,HRMY
5076,ELAN
5077,DRH
5078,VGIT
5079,EVSI
5080,CSBR
5081,WRB
5082,SNAP
5083,NHLDW
5084,KBAL
5085,CLXT
5086,BDR
5087,SMMCW
5088,BSCP
5089,WLKP
5090,FLL
5091,ASPN
5092,VMM
5093,GECCL
5094,CSSEN
5095,ACMR
5096,CSB
5097,VCLT
5098,CRS
5099,FNK
5100,JPI
5101,WDC
5102,CLW
5103,BFK
5104,CO
5105,UAMY
5106,ATGE
5107,ALXO
5108,OIA
5109,DGLY
5110,GT
5111,GAU
5112,FTACU
5113,SWZ
5114,VLO
5115,TYL
5116,MNPR
5117,SWK
5118,SNE
5119,MILN
5120,FMCIW
5121,UMPQ
5122,GJP
5123,ADES
5124,AQNA
5125,AJXA
5126,ALRS
5127,SERV
5128,AKO.B
5129,CMTL
5130,UEIC
5131,KDP
5132,IEA
5133,IMV
5134,KN
5135,EQT
5136,CTEST.E
5137,ERF
5138,PRPL
5139,BRBS
5140,SAQNU
5141,PTK.U
5142,TDACW
5143,JNCE
5144,UONE
5145,CHCO
5146,AWR
5147,LMRKP
5148,LPTH
5149,TIPT
5150,GLUU
5151,HT
5152,FPL
5153,VVI
5154,UFCS
5155,ACI
5156,NOMD
5157,WALA
5158,ADNT
5159,DISH
5160,NMRK
5161,BPT
5162,JOBS
5163,DVA
5164,SREV
5165,NGHC
5166,TILE
5167,INOV
5168,ACIU
5169,RNP
5170,SI
5171,IAG
5172,FLMNW
5173,MRCY
5174,OPY
5175,BGT
5176,OKE
5177,KOS
5178,RFDI
5179,KRA
5180,TEAM
5181,ROIC
5182,MVC
5183,NBW
5184,PXI
5185,PDBC
5186,KMB
5187,GRWG
5188,HSY
5189,TACO
5190,ANH
5191,AUVI
5192,DSSI
5193,IAF
5194,HMI
5195,HD
5196,CCXX.WS
5197,IFS
5198,IBTH
5199,GLBZ
5200,LCII
5201,NFE
5202,SJIU
5203,AP
5204,WOR
5205,CNDT
5206,ETON
5207,TRVI
5208,ZNTL
5209,TSI
5210,XTNT
5211,FEAC
5212,BFO
5213,NVTA
5214,NAII
5215,IP
5216,MFH
5217,YVR
5218,PNF
5219,DGICB
5220,AMBC.WS
5221,JKHY
5222,BRX
5223,MSB
5224,ASYS
5225,SOR
5226,LOB
5227,PCOM
5228,VIRT
5229,SID
5230,THG
5231,TY
5232,LILA
5233,ICAD
5234,NIU
5235,CBFV
5236,GNTY
5237,FNHC
5238,GAM
5239,CRSA
5240,EME
5241,CBRL
5242,EMCB
5243,LHCG
5244,SITC
5245,FREEW
5246,CIDM
5247,CMC
5248,CMSC
5249,AOSL
5250,CLX
5251,CG
5252,MCRI
5253,CALB
5254,PRA
5255,ATRA
5256,SNGXW
5257,DYFN
5258,YY
5259,REXR
5260,FPH
5261,RNSC
5262,HARP
5263,VRTU
5264,KXIN
5265,WMG
5266,CHT
5267,BTT
5268,RAPT
5269,MTDR
5270,BXRX
5271,VIGI
5272,AMOV
5273,DMO
5274,MBINO
5275,IEF
5276,MGM
5277,NOVA
5278,CQP
5279,VJET
5280,FSRV
5281,NSCO.WS
5282,ARW
5283,MCFT
5284,SRG
5285,KIN
5286,JNPR
5287,ATCO
5288,AIT
5289,BEPC
5290,NMI
5291,SNV
5292,FDP
5293,ALLK
5294,QRTEA
5295,AVCTW
5296,PNNT
5297,DISCB
5298,GNUS
5299,CHMA
5300,GPJA
5301,NNBR
5302,TCO
5303,BANR
5304,FIT
5305,PECK
5306,PTMN
5307,DPHCW
5308,LE
5309,FCNCA
5310,NBHC
5311,AJX
5312,DSKE
5313,ADXN
5314,GHG
5315,CAPA
5316,JMPNZ
5317,SLQD
5318,DVLU
5319,CFFN
5320,LAWS
5321,WIA
5322,ICL
5323,SCWX
5324,GEN
5325,CTHR
5326,DTEA
5327,NVS
5328,IQ
5329,AFC
5330,BHK
5331,AUMN
5332,IBO
5333,OVV
5334,ZUMZ
5335,IBCP
5336,GOGO
5337,PLT
5338,JWS.WS
5339,HMSY
5340,PCPL.WS
5341,FCRD
5342,NOK
5343,TGTX
5344,CAMT
5345,BSIG
5346,LXP
5347,EROS
5348,BLU
5349,SEAC
5350,HERO
5351,GLPI
5352,SILC
5353,PFBC
5354,SITM
5355,BIF
5356,FTFT
5357,NEWR
5358,KTOV
5359,TARO
5360,CLPT
5361,DCO
5362,NVEE
5363,PBIP
5364,LEE
5365,TZAC
5366,KERN
5367,DXJS
5368,TRMD
5369,PIRS
5370,ORGO
5371,LEO
5372,INSUW
5373,CNBKA
5374,DTJ
5375,FMBI
5376,RMNI
5377,CBSH
5378,NOVSW
5379,FTC
5380,LAUR
5381,KTRA
5382,SPE
5383,CBD
5384,ARQT
5385,PHCF
5386,AXNX
5387,EPR
5388,ARWR
5389,OPNT
5390,EC
5391,GRID
5392,HEXO
5393,FCVT
5394,RILYG
5395,PFIS
5396,TCPC
5397,RTH
5398,HNI
5399,SMAR
5400,PHM
5401,PYS
5402,BBH
5403,MTW
5404,PLG
5405,GNCA
5406,BUSE
5407,NUZE
5408,PFD
5409,MEDS
5410,ICD
5411,GHIVU
5412,UPS
5413,CZR
5414,AMEH
5415,MNTA
5416,GLIBP
5417,BOKF
5418,DINT
5419,COWN
5420,FITBI
5421,HUM
5422,DFPHU
5423,PB
5424,CHN
5425,RETA
5426,HPS
5427,SDPI
5428,HASI
5429,NXMD
5430,MDJH
5431,LOGC
5432,USB
5433,TSQ
5434,CVET
5435,ZTR
5436,SBI
5437,PYZ
5438,BKT
5439,ARD
5440,CMCT
5441,ISIG
5442,BFT.U
5443,LNDC
5444,EXPR
5445,NGL
5446,AJG
5447,MKL
5448,ZGYHU
5449,EWJV
5450,TOT
5451,WYNN
5452,ARI
5453,GBR
5454,GENC
5455,EZT
5456,GSUM
5457,BVXV
5458,CVGW
5459,CSTM
5460,BBAR
5461,ZCMD
5462,NRO
5463,POOL
5464,ALAC
5465,BME
5466,CIL
5467,SCU
5468,TEX
5469,OR
5470,GEF.B
5471,INSU
5472,GYC
5473,ELP
5474,VTR
5475,DLTR
5476,ICCC
5477,ENLV
5478,BRPAW
5479,CLDR
5480,KTCC
5481,IGSB
5482,BRKL
5483,MFG
5484,CHSCO
5485,KEY
5486,WLFC
5487,AME
5488,MLSS
5489,CLH
5490,IHRT
5491,LNT
5492,BHB
5493,QH
5494,SUZ
5495,STXB
5496,VNRX
5497,BFIT
5498,GHC
5499,CPK
5500,AGLE
5501,DSU
5502,MBI
5503,ITRM
5504,APOP
5505,CBTX
5506,NRC
5507,MTSC
5508,SBE.WS
5509,CF
5510,APPS
5511,PCQ
5512,SAFT
5513,THMO
5514,HBT
5515,VGLT
5516,MNOV
5517,VST.WS.A
5518,BBGI
5519,SBNY
5520,WVVI
5521,CTRN
5522,CLAR
5523,BYD
5524,CSLT
5525,CPLG
5526,VIAV
5527,PPX
5528,VONE
5529,AMTD
5530,CATM
5531,CHY
5532,BIPC
5533,GOCO
5534,WAT
5535,IMBI
5536,SPXC
5537,KBNTW
5538,SYRS
5539,GNMA
5540,LCI
5541,DXCM
5542,K
5543,BMRG.U
5544,RQI
5545,DFVL
5546,SUPV
5547,BZM
5548,XFLT
5549,ESGU
5550,PLW
5551,JFKKU
5552,SMMC
5553,VERI
5554,GJT
5555,AIG
5556,JLS
5557,OAS
5558,OMAB
5559,XPL
5560,BV
5561,BHP
5562,EWJE
5563,IPV.U
5564,GMLP
5565,AACQU
5566,DHT
5567,WTREP
5568,VC
5569,CAR
5570,NFH.WS
5571,ACCO
5572,CPST
5573,NXN
5574,INN
5575,PLAY
5576,THBRW
5577,CNNE
5578,CPSH
5579,RCL
5580,BH.A
5581,CEO
5582,AEG
5583,ADBE
5584,RCKY
5585,FDS
5586,BKD
5587,BPRN
5588,SUNW
5589,EBON
5590,HZN
5591,WPF.U
5592,ACLL
5593,VONV
5594,QUMU
5595,IFFT
5596,IEP
5597,PNFP
5598,SPKEP
5599,USOI
5600,MDC
5601,ANIK
5602,MKTX
5603,AMCI
5604,PTN
5605,MOBL
5606,IEAWW
5607,INAQU
5608,NGA.U
5609,FE
5610,ZYNE
5611,ZIOP
5612,PSTV
5613,TPRE
5614,FCEF
5615,ZBH
5616,DDT
5617,SOCL
5618,RAVN
5619,AAU
5620,CUK
5621,FB
5622,FNWB
5623,STAG
5624,MEDP
5625,HPP
5626,IRMD
5627,VGSH
5628,MPB
5629,AGCO
5630,HELE
5631,ANPC
5632,MEG
5633,DOW
5634,SBCF
5635,AAPL
5636,MVCD
5637,IBTG
5638,NPV
5639,AOS
5640,BSCS
5641,ERIE
5642,RADA
5643,PVH
5644,SNY
5645,SIF
5646,SGOC
5647,BLX
5648,MGTX
5649,MPA
5650,MO
5651,FSFG
5652,PDP
5653,FLS
5654,AMTB
5655,IT
5656,ASA
5657,MMSI
5658,LIVX
5659,HYLS
5660,DMYT
5661,STLD
5662,CRUS
5663,MRAM
5664,ATXI
5665,NMCO
5666,SON
5667,SPAQ
5668,CGA
5669,FEN
5670,MDRX
5671,SAM
5672,ENBL
5673,SHIP
5674,HWM
5675,FCF
5676,LRGE
5677,FIXX
5678,JBT
5679,FVAC.WS
5680,FTAC
5681,ARCB
5682,CPA
5683,CBZ
5684,SJW
5685,PIPR
5686,PFL
5687,RLH
5688,FONR
5689,EH
5690,WRN
5691,FTDR
5692,DFHTU
5693,VXRT
5694,SA
5695,EARN
5696,CATH
5697,RILYO
5698,AMYT
5699,PRVB
5700,QIWI
5701,MNKD
5702,EDUC
5703,EWBC
5704,VSH
5705,AG
5706,BHR
5707,C
5708,TM
5709,TG
5710,AIZP
5711,HCC
5712,SONO
5713,MYSZ
5714,WWE
5715,PETQ
5716,ATEST
5717,AXU
5718,RCKT
5719,TR
5720,BIIB
5721,GLIBA
5722,TPH
5723,MUA
5724,OPESW
5725,FEYE
5726,ESSC
5727,DTSS
5728,PM
5729,WSBCP
5730,RPLA.U
5731,HIW
5732,AFI
5733,NAD
5734,EEX
5735,GLEO.WS
5736,HCCOU
5737,LPG
5738,NVG
5739,GMBLW
5740,CLBS
5741,CTAA
5742,USA
5743,CSII
5744,PTF
5745,AFIB
5746,BJK
5747,GGG
5748,PRQR
5749,LKFN
5750,BDC
5751,TXMD
5752,NFH
5753,NSA
5754,OFG
5755,CCMP
5756,WYY
5757,CME
5758,MTRN
5759,BROG
5760,BLDP
5761,CAL
5762,GPC
5763,PTH
5764,AVRO
5765,TX
5766,XYL
5767,HIE
5768,EWZS
5769,MGEN
5770,IGD
5771,TRNE.WS
5772,SACH
5773,ACHC
5774,AKU
5775,IMAX
5776,CTS
5777,OCSI
5778,AM
5779,SIRI
5780,MDGL
5781,VRTS
5782,EXK
5783,EBIX
5784,III
5785,GPP
5786,CIZ
5787,AINV
5788,REZI
5789,RDVT
5790,NTRS
5791,PNC
5792,XHR
5793,TOTA
5794,SAK
5795,THRM
5796,PRFZ
5797,SIBN
5798,IMMU
5799,CLEU
5800,HAPP
5801,JHAA
5802,MGF
5803,KW
5804,NXRT
5805,V
5806,TRV
5807,VRAY
5808,SSSS
5809,BOSC
5810,CCRN
5811,OPTN
5812,MRLN
5813,RACE
5814,PII
5815,THBR
5816,CEVA
5817,BHTG
5818,TTM
5819,SKT
5820,CPSR
5821,SRAC
5822,TTP
5823,NWHM
5824,CGROU
5825,PIXY
5826,FI
5827,RBC
5828,EDU
5829,SCHL
5830,OTRK
5831,SLAB
5832,LTRX
5833,DXC
5834,UTMD
5835,HTLFP
5836,APTX
5837,SILV
5838,STE
5839,KBWB
5840,ATRS
5841,PRTH
5842,FET
5843,TDIV
5844,HOV
5845,IPV
5846,SCON
5847,ARDC
5848,MDCA
5849,HCACU
5850,MMM
5851,PRCP
5852,IVAC
5853,ELMD
5854,LCAHW
5855,BTAQU
5856,CENT
5857,ANIX
5858,FORTY
5859,PKX
5860,TCRR
5861,CPZ
5862,EVGN
5863,CRNX
5864,HOVNP
5865,SFL
5866,CUBA
5867,KBLMU
5868,GNPX
5869,BRID
5870,NHC
5871,VLY
5872,IMKTA
5873,DWAT
5874,HCXZ
5875,HON
5876,SMBC
5877,BIOL
5878,NBIX
5879,BTU
5880,AMRN
5881,MOTS
5882,CEIX
5883,QRVO
5884,DGRS
5885,FTRI
5886,STT
5887,WBK
5888,AHI
5889,KLR
5890,AVNS
5891,DOCU
5892,CONN
5893,TRGP
5894,BRT
5895,QLC
5896,EBR
5897,NBH
5898,RUSHA
5899,PFC
5900,WCN
5901,GTYH
5902,OXLCO
5903,ALNA
5904,CRNC
5905,IPDN
5906,DPHC
5907,DOC
5908,GSV
5909,GOOS
5910,PBI
5911,LGVW
5912,SAMAU
5913,CANG
5914,NEXA
5915,FMHI
5916,ALKS
5917,NEN
5918,PVL
5919,USPH
5920,KALV
5921,FTXD
5922,SAIC
5923,ABBV
5924,VAC
5925,HVT
5926,FMBIO
5927,COLM
5928,EHTH
5929,QFIN
5930,MSFT
5931,FDNI
5932,AMG
5933,BBC
5934,MYT
5935,ODFL
5936,DPZ
5937,QYLD
5938,PSV
5939,IGR
5940,TTTN
5941,NOC
5942,PROF
5943,KMX
5944,EBR.B
5945,BNED
5946,SYY
5947,GTT
5948,OMCL
5949,EXR
5950,EVI
5951,MYOV
5952,LAZY
5953,ILMN
5954,GPOR
5955,CBOE
5956,CMBM
5957,LNG
5958,LGHL
5959,APG
5960,NAC
5961,HEC
5962,POR
5963,DNLI
5964,WSG
5965,IR
5966,CNSL
5967,NDLS
5968,STK
5969,PFLT
5970,SRCL
5971,COMM
5972,EHT
5973,FBIO
5974,MARK
5975,CINF
5976,HYT
5977,MUSA
5978,MEOH
5979,ZIONO
5980,MRKR
5981,PRSP
5982,RAD
5983,PBPB
5984,SWKH
5985,DNKN
5986,FGB
5987,NC
5988,PRI
5989,GMHIW
5990,AGR
5991,LLNW
5992,ALXN
5993,PED
5994,FPA
5995,BNGO
5996,NRUC
5997,BSQR
5998,LECO
5999,GVP
6000,VRM
6001,SBUX
6002,UDR
6003,BOKFL
6004,BSX
6005,RJF
6006,TBLTW
6007,LNC
6008,ARVN
6009,REVG
6010,KRO
6011,TRMK
6012,ZIONL
6013,CNO
6014,PWR
6015,DRMT
6016,CTRE
6017,OXLCP
6018,OTIC
6019,COHN
6020,QDEL
6021,TT
6022,GRP.U
6023,HCCOW
6024,MVT
6025,EFAS
6026,BANF
6027,PGP
6028,DFNS.U
6029,ALTA
6030,TBPH
6031,FTXH
6032,CAG
6033,WSC
6034,PHK
6035,CFMS
6036,SAND
6037,DLX
6038,RGLD
6039,SPOK
6040,EMB
6041,WM
6042,VAPO
6043,FRME
6044,PCM
6045,DLA
6046,OCUL
6047,DNK
6048,RFAP
6049,SLF
6050,RNGR
6051,HQL
6052,AIV
6053,CRMT
6054,HCCH
6055,NYMTM
6056,CNXM
6057,ADTX
6058,MCEP
6059,INPX
6060,VMO
6061,MAIN
6062,AIC
6063,GEL
6064,APAM
6065,DUKB
6066,VRSK
6067,SUPN
6068,GSMGW
6069,CRMD
6070,EVV
6071,ACAM
6072,BIOC
6073,SAFM
6074,LIN
6075,UUUU.WS
6076,AAON
6077,NHICU
6078,EGF
6079,ESGE
6080,PRTK
6081,VERU
6082,NPA
6083,BBX
6084,FLR
6085,IUSS
6086,CHPMU
6087,CVU
6088,OFED
6089,HFBL
6090,OCFCP
6091,PRFX
6092,CLBK
6093,GMAB
6094,PHX
6095,IMRNW
6096,WDFC
6097,WEC
6098,GSS
6099,NWSA
6100,CDMO
6101,CPSR.WS
6102,ECCB
6103,MRK
6104,PYPL
6105,ETB
6106,OCGN
6107,SOHOO
6108,PLUS
6109,EARS
6110,RLGT
6111,MHLD
6112,ISTB
6113,CMRE
6114,PRNB
6115,BBN
6116,MNLO
6117,GLEO
6118,METX
6119,FSM
6120,ATI
6121,SLVO
6122,ZEUS
6123,MNTX
6124,VICI
6125,FIIIU
6126,SBBA
6127,ENSG
6128,ASR
6129,APA
6130,THC
6131,GIX.WS
6132,FMS
6133,QQQX
6134,IBTE
6135,RTX
6136,PTVCB
6137,ADS
6138,NINE
6139,LPL
6140,SITE
6141,PRAH
6142,FMCIU
6143,BBQ
6144,TREX
6145,WSO.B
6146,OCN
6147,WTFC
6148,REX
6149,SQM
6150,OIS
6151,SELF
6152,MCBC
6153,RES
6154,DDI
6155,EMO
6156,LJPC
6157,MTT
6158,AVY
6159,DBVT
6160,NFINW
6161,BORR
6162,AMCX
6163,LITE
6164,IRDM
6165,GTX
6166,CPHI
6167,LII
6168,CCNE
6169,OMEX
6170,BUI
6171,ALK
6172,DFPHW
6173,APTV
6174,AEHR
6175,PRPLW
6176,SCL
6177,OSBC
6178,GOED
6179,SOHU
6180,EMIF
6181,LSACW
6182,NEPT
6183,KRUS
6184,RNST
6185,VLT
6186,FTGC
6187,GIII
6188,VIOT
6189,CTY
6190,HOME
6191,NOVS
6192,LCTX
6193,CCF
6194,AAL
6195,SWIR
6196,CPT
6197,NKSH
6198,AXDX
6199,ITRG
6200,LPSN
6201,LTRPB
6202,GRCYW
6203,BAH
6204,NSPR.WS.B
6205,IBTF
6206,AROW
6207,NRT
6208,CGBD
6209,DIS
6210,FOLD
6211,GNT
6212,GGT
6213,CFR
6214,CREXW
6215,EDF
6216,JHB
6217,ICBK
6218,RIO
6219,NEP
6220,TDW.WS.B
6221,FALN
6222,CPG
6223,ADT
6224,MDP
6225,MSVB
6226,NBACU
6227,BFST
6228,MBB
6229,GMHI
6230,CARA
6231,O
6232,GMO
6233,UCTT
6234,PIC.WS
6235,SNP
6236,AZUL
6237,HP
6238,COCP
6239,RIVE
6240,TDW
6241,BBP
6242,INSE
6243,SBR
6244,PSTH.U
6245,MERC
6246,RBB
6247,GLBS
6248,JEF
6249,KCAC
6250,MTCH
6251,MQY
6252,DPHCU
6253,CDTX
6254,JWN
6255,IFN
6256,ALRN
6257,BBY
6258,SHW
6259,NR
6260,APOG
6261,MANT
6262,AAMC
6263,PRH
6264,AEY
6265,PSCD
6266,ONEQ
6267,JLL
6268,AMED
6269,NYV
6270,NHI
6271,VRS
6272,MIC
6273,BF.B
6274,BDJ
6275,INWK
6276,FTA
6277,RNA
6278,LSCC
6279,ARNC
6280,IIVIP
6281,DG
6282,TRUP
6283,ALV
6284,ASPU
6285,CVS
6286,MCMJ
6287,FNY
6288,CCNEP
6289,ABEO
6290,SEEL
6291,RNEM
6292,PNR
6293,MTZ
6294,CLSK
6295,PAAS
6296,PRK
6297,TYME
6298,SNX
6299,CYAD
6300,ZTS
6301,AMBC
6302,RAIL
6303,DQ
6304,FLMN
6305,PXS
6306,WWD
6307,BSDE
6308,MWK
6309,GDEN
6310,CPS
6311,AMGN
6312,PAVM
6313,GNTX
6314,MANH
6315,FLXS
6316,EQC
6317,CVBF
6318,DLTH
6319,FBMS
6320,RCG
6321,VCTR
6322,PSM
6323,LIVKU
6324,TS
6325,GOOGL
6326,PLYA
6327,ULBI
6328,TAP
6329,LRCX
6330,CGRO
6331,NTP
6332,OBNK
6333,CUB
6334,COE
6335,ACP
6336,GOL
6337,COOP
6338,BLUE
6339,NOVN
6340,PLAN
6341,MT
6342,SND
6343,FSV
6344,MSN
6345,MFL
6346,RH
6347,QABA
6348,DKL
6349,IDT
6350,MELI
6351,MSBI
6352,PSN
6353,JFIN
6354,OSK
6355,DOOO
6356,GDO
6357,TAP.A
6358,CWT
6359,BPYPN
6360,GOOG
6361,CIO
6362,THW
6363,DIT
6364,WMB
6365,WES
6366,SGMO
6367,RCMT
6368,FDX
6369,FINS
6370,AZRE
6371,KBWY
6372,DHR
6373,ODP
6374,XPO
6375,LGVW.WS
6376,PRT
6377,SOJD
6378,ISDR
6379,MIK
6380,HMNF
6381,TDY
6382,ENTXW
6383,MMT
6384,EBF
6385,MIRM
6386,FINX
6387,HBI
6388,FANG
6389,XENT
6390,EMCF
6391,MTD
6392,BSJN
6393,DDIV
6394,ETN
6395,SLRX
6396,BSBK
6397,TBKCP
6398,SYK
6399,ELY
6400,YIN
6401,RLJ
6402,IHG
6403,EML
6404,RNET
6405,OPBK
6406,NLY
6407,FYT
6408,BRBR
6409,GJO
6410,ABM
6411,YTRA
6412,WPG
6413,VERT.U
6414,ALX
6415,LGC
6416,NID
6417,RACA
6418,EOLS
6419,NOG
6420,WEI
6421,CASA
6422,EOT
6423,MMYT
6424,TAC
6425,HAFC
6426,OTRKP
6427,BSA
6428,IBUY
6429,DTF
6430,BCACU
6431,NDMO
6432,MFA
6433,CUBI
6434,KBLMR
6435,PIZ
6436,SVT
6437,IHT
6438,AMS
6439,AVCT
6440,RVP
6441,SNDL
6442,HCAP
6443,MAA
6444,KIQ
6445,DBX
6446,BUD
6447,GMBL
6448,XOMA
6449,BND
6450,SGMA
6451,NWGI
6452,AMTX
6453,LGND
6454,SFTW
6455,PBR
6456,SCD
6457,ITUB
6458,UZD
6459,VRT.WS
6460,CCX.WS
6461,SINO
6462,WORX
6463,EAST
6464,ENVA
6465,IUSG
6466,AZN
6467,RAND
6468,BRMK
6469,TLYS
6470,PCSB
6471,ALOT
6472,DFPH
6473,PCIM
6474,PHUN
6475,CFRX
6476,CRI
6477,OXSQL
6478,GTES
6479,JEQ
6480,SNDE
6481,RESN
6482,IIF
6483,NESR
6484,GBAB
6485,POST
6486,AMPE
6487,FAST
6488,SIM
6489,CCJ
6490,JAMF
6491,AQST
6492,GLV
6493,TEVA
6494,MFM
6495,BGS
6496,BSMM
6497,OCFC
6498,ABMD
6499,NWE
6500,MEI
6501,LEJU
6502,AKBA
6503,SCS
6504,MYD
6505,PHGE.U
6506,NCSM
6507,TLRY
6508,PRPO
6509,AEE
6510,GECCM
6511,NBTB
6512,SCM
6513,USWSW
6514,BDSI
6515,PACK.WS
6516,LC
6517,HMY
6518,MGNX
6519,TPC
6520,GEF
6521,SRI
6522,VERY
6523,INMD
6524,JKI
6525,NEM
6526,GRF
6527,IMOS
6528,CM
6529,ED
6530,FMAO
6531,CX
6532,ADPT
6533,TSN
6534,NGHCZ
6535,FTS
6536,JYNT
6537,RSSS
6538,TISI
6539,SMED
6540,HUN
6541,AIHS
6542,CVCO
6543,TPR
6544,FTXG
6545,CSA
6546,NPN
6547,LMPX
6548,WPF.WS
6549,FF
6550,CFB
6551,VEL
6552,LYB
6553,TENX
6554,NAK
6555,SANM
6556,ALSK
6557,NUS
6558,LDSF
6559,CZNC
6560,FOUR
6561,LOAK.U
6562,HYMC
6563,PIH
6564,HLAL
6565,DSGX
6566,PSF
6567,CACI
6568,FSZ
6569,OPESU
6570,GGN
6571,ASRVP
6572,GLDI
6573,EKSO
6574,FTXN
6575,GYRO
6576,SFNC
6577,HCCHR
6578,ERC
6579,SFB
6580,TTOO
6581,SINT
6582,BHE
6583,FRLN
6584,BOTZ
6585,LFACU
6586,SOGO
6587,LUV
6588,IVH
6589,AOD
6590,SSNT
6591,AFGH
6592,NNA
6593,WEN
6594,ASLN
6595,RAVE
6596,WMS
6597,TVTY
6598,BW
6599,BURL
6600,EGLE
6601,BLL
6602,METC
6603,ACCD
6604,INFI
6605,RWLK
6606,FIS
6607,CMG
6608,LSXMA
6609,FAAR
6610,ZIONP
6611,JBL
6612,KURA
6613,TBC
6614,NNDM
6615,CNK
6616,LOW
6617,EPC
6618,GRAM
6619,ECOR
6620,AOUT
6621,IESC
6622,BYND
6623,MTBC
6624,REXN
6625,GAINM
6626,TDJ
6627,ETH
